location,date,total_cases,new_cases,new_cases_smoothed,new_deaths,total_deaths,new_deaths_smoothed,total_cases_per_million,new_cases_per_million
Pakistan,2/25/2020,2,2,,,,,0.009,0.009
Pakistan,2/28/2020,4,2,,,,,0.018,0.009
Pakistan,3/18/2020,454,155,62.0,2.0,2.0,0.286,2.055,0.702
Pakistan,3/19/2020,501,47,67.571,1.0,3.0,0.429,2.268,0.213
Pakistan,3/21/2020,776,46,103.286,2.0,5.0,0.714,3.513,0.208
Pakistan,3/22/2020,875,99,105.571,1.0,6.0,0.857,3.961,0.448
Pakistan,3/23/2020,972,97,105.143,1.0,7.0,1.0,4.4,0.439
Pakistan,3/24/2020,1063,91,109.143,1.0,8.0,1.143,4.812,0.412
Pakistan,3/25/2020,1201,138,106.714,1.0,9.0,1.0,5.437,0.625
Pakistan,3/26/2020,1373,172,124.571,2.0,11.0,1.143,6.216,0.779
Pakistan,3/27/2020,1495,122,109.286,1.0,12.0,1.286,6.768,0.552
Pakistan,3/28/2020,1597,102,117.286,2.0,14.0,1.286,7.23,0.462
Pakistan,3/29/2020,1717,120,120.286,7.0,21.0,2.143,7.773,0.543
Pakistan,3/30/2020,1938,221,138.0,5.0,26.0,2.714,8.774,1.0
Pakistan,3/31/2020,2118,180,150.714,1.0,27.0,2.714,9.588,0.815
Pakistan,4/1/2020,2421,303,174.286,7.0,34.0,3.571,10.96,1.372
Pakistan,4/2/2020,2686,265,187.571,6.0,40.0,4.143,12.16,1.2
Pakistan,4/3/2020,2818,132,189.0,1.0,41.0,4.143,12.757,0.598
Pakistan,4/4/2020,3157,339,222.857,6.0,47.0,4.714,14.292,1.535
Pakistan,4/5/2020,3766,609,292.714,6.0,53.0,4.571,17.049,2.757
Pakistan,4/6/2020,4035,269,299.571,4.0,57.0,4.429,18.267,1.218
Pakistan,4/7/2020,4263,228,306.429,4.0,61.0,4.857,19.299,1.032
Pakistan,4/8/2020,4489,226,295.429,4.0,65.0,4.429,20.322,1.023
Pakistan,4/9/2020,4695,206,287.0,1.0,66.0,3.714,21.255,0.933
Pakistan,4/10/2020,5011,316,313.286,20.0,86.0,6.429,22.685,1.431
Pakistan,4/11/2020,5230,219,296.143,5.0,91.0,6.286,23.677,0.991
Pakistan,4/12/2020,5496,266,247.143,2.0,93.0,5.714,24.881,1.204
Pakistan,4/13/2020,5837,341,257.429,3.0,96.0,5.571,26.425,1.544
Pakistan,4/14/2020,6383,546,302.857,15.0,111.0,7.143,28.896,2.472
Pakistan,4/15/2020,6919,536,347.143,17.0,128.0,9.0,31.323,2.427
Pakistan,4/16/2020,7025,106,332.857,7.0,135.0,9.857,31.803,0.48
Pakistan,4/17/2020,7638,613,375.286,8.0,143.0,8.143,34.578,2.775
Pakistan,4/18/2020,8348,710,445.429,25.0,168.0,11.0,37.792,3.214
Pakistan,4/19/2020,8418,70,417.429,8.0,176.0,11.857,38.109,0.317
Pakistan,4/20/2020,9565,1147,532.571,25.0,201.0,15.0,43.302,5.193
Pakistan,4/21/2020,10076,511,527.571,11.0,212.0,14.429,45.615,2.313
Pakistan,4/22/2020,11155,1079,605.143,25.0,237.0,15.571,50.5,4.885
Pakistan,4/23/2020,11940,785,702.143,16.0,253.0,16.857,54.053,3.554
Pakistan,4/24/2020,12723,783,726.429,16.0,269.0,18.0,57.598,3.545
Pakistan,4/25/2020,13328,605,711.429,12.0,281.0,16.143,60.337,2.739
Pakistan,4/26/2020,13915,587,785.286,11.0,292.0,16.571,62.994,2.657
Pakistan,4/27/2020,14612,697,721.0,20.0,312.0,15.857,66.15,3.155
Pakistan,4/28/2020,15525,913,778.429,31.0,343.0,18.714,70.283,4.133
Pakistan,4/29/2020,16817,1292,808.857,42.0,385.0,21.143,76.132,5.849
Pakistan,4/30/2020,18114,1297,882.0,32.0,417.0,23.429,82.004,5.872
Pakistan,5/1/2020,19103,989,911.429,23.0,440.0,24.429,86.481,4.477
Pakistan,5/2/2020,20084,981,965.143,17.0,457.0,25.143,90.922,4.441
Pakistan,5/3/2020,20941,857,1003.714,19.0,476.0,26.286,94.802,3.88
Pakistan,5/4/2020,22049,1108,1062.429,38.0,514.0,28.857,99.818,5.016
Pakistan,5/5/2020,24073,2024,1221.143,50.0,564.0,31.571,108.981,9.163
Pakistan,5/6/2020,24644,571,1118.143,21.0,585.0,28.571,111.566,2.585
Pakistan,5/7/2020,26435,1791,1188.714,14.0,599.0,26.0,119.674,8.108
Pakistan,5/8/2020,28736,2301,1376.143,37.0,636.0,28.0,130.091,10.417
Pakistan,5/9/2020,30334,1598,1464.286,23.0,659.0,28.857,137.325,7.234
Pakistan,5/10/2020,32081,1747,1591.429,47.0,706.0,32.857,145.234,7.909
Pakistan,5/11/2020,34336,2255,1755.286,31.0,737.0,31.857,155.442,10.209
Pakistan,5/12/2020,35298,962,1603.571,24.0,761.0,28.143,159.797,4.355
Pakistan,5/13/2020,35788,490,1592.0,9.0,770.0,26.429,162.016,2.218
Pakistan,5/14/2020,38799,3011,1766.286,64.0,834.0,33.571,175.647,13.631
Pakistan,5/16/2020,40151,1352,1402.429,39.0,873.0,30.571,181.767,6.121
Pakistan,5/17/2020,42125,1974,1434.857,30.0,903.0,28.143,190.704,8.936
Pakistan,5/18/2020,43966,1841,1375.714,36.0,939.0,28.857,199.038,8.334
Pakistan,5/19/2020,45898,1932,1514.286,46.0,985.0,32.0,207.784,8.746
Pakistan,5/20/2020,48091,2193,1757.571,32.0,1017.0,35.286,217.712,9.928
Pakistan,5/21/2020,50694,2603,1699.286,50.0,1067.0,33.286,229.496,11.784
Pakistan,5/22/2020,52437,1743,1948.286,34.0,1101.0,38.143,237.387,7.891
Pakistan,5/23/2020,54601,2164,2064.286,32.0,1133.0,37.143,247.184,9.797
Pakistan,5/24/2020,56349,1748,2032.0,34.0,1167.0,37.714,255.097,7.913
Pakistan,5/25/2020,57705,1356,1962.714,30.0,1197.0,36.857,261.236,6.139
Pakistan,5/26/2020,59151,1446,1893.286,28.0,1225.0,34.286,267.782,6.546
Pakistan,5/27/2020,61227,2076,1876.571,35.0,1260.0,34.714,277.18,9.398
Pakistan,5/28/2020,64028,2801,1904.857,57.0,1317.0,35.714,289.861,12.68
Pakistan,5/29/2020,66457,2429,2002.857,78.0,1395.0,42.0,300.857,10.996
Pakistan,5/30/2020,69496,3039,2127.857,88.0,1483.0,50.0,314.615,13.758
Pakistan,5/31/2020,72460,2964,2301.571,60.0,1543.0,53.714,328.033,13.418
Pakistan,6/1/2020,76398,3938,2670.429,78.0,1621.0,60.571,345.861,17.828
Pakistan,6/2/2020,80463,4065,3044.571,67.0,1688.0,66.143,364.263,18.403
Pakistan,6/3/2020,85264,4801,3433.857,82.0,1770.0,72.857,385.998,21.735
Pakistan,6/4/2020,89249,3985,3603.0,68.0,1838.0,74.429,404.038,18.04
Pakistan,6/5/2020,93983,4734,3932.286,97.0,1935.0,77.143,425.47,21.431
Pakistan,6/6/2020,98943,4960,4206.714,67.0,2002.0,74.143,447.924,22.454
Pakistan,6/7/2020,103671,4728,4458.714,65.0,2067.0,74.857,469.328,21.404
Pakistan,6/8/2020,108317,4646,4559.857,105.0,2172.0,78.714,490.361,21.033
Pakistan,6/9/2020,113702,5385,4748.429,83.0,2255.0,81.0,514.739,24.378
Pakistan,6/10/2020,119536,5834,4896.0,101.0,2356.0,83.714,541.151,26.411
Pakistan,6/11/2020,125933,6397,5240.571,107.0,2463.0,89.286,570.11,28.96
Pakistan,6/13/2020,132405,6472,4780.286,88.0,2551.0,78.429,599.41,29.299
Pakistan,6/14/2020,144478,12073,5829.571,178.0,2729.0,94.571,654.065,54.656
Pakistan,6/15/2020,148921,4443,5800.571,110.0,2839.0,95.286,674.179,20.114
Pakistan,6/16/2020,154760,5839,5865.429,136.0,2975.0,102.857,700.613,26.434
Pakistan,6/17/2020,160118,5358,5797.429,118.0,3093.0,105.286,724.869,24.256
Pakistan,6/18/2020,165062,4944,5589.857,136.0,3229.0,109.429,747.251,22.382
Pakistan,6/19/2020,171666,6604,6533.286,153.0,3382.0,131.286,777.148,29.897
Pakistan,6/20/2020,176617,4951,6316.0,119.0,3501.0,135.714,799.561,22.414
Pakistan,6/21/2020,181088,4471,5230.0,89.0,3590.0,123.0,819.802,20.241
Pakistan,6/22/2020,185034,3946,5159.0,105.0,3695.0,122.286,837.666,17.864
Pakistan,6/23/2020,188926,3892,4880.857,60.0,3755.0,111.429,855.285,17.619
Pakistan,6/24/2020,192970,4044,4693.143,148.0,3903.0,115.714,873.593,18.308
Pakistan,6/25/2020,195745,2775,4383.286,59.0,3962.0,104.714,886.156,12.563
Pakistan,6/26/2020,198883,3138,3888.143,73.0,4035.0,93.286,900.362,14.206
Pakistan,6/27/2020,202955,4072,3762.571,83.0,4118.0,88.143,918.796,18.434
Pakistan,6/28/2020,206512,3557,3632.0,49.0,4167.0,82.429,934.899,16.103
Pakistan,6/29/2020,209337,2825,3471.857,137.0,4304.0,87.0,947.688,12.789
Pakistan,6/30/2020,213470,4133,3506.286,91.0,4395.0,91.429,966.398,18.71
Pakistan,7/1/2020,217809,4339,3548.429,78.0,4473.0,81.429,986.041,19.643
Pakistan,7/2/2020,221896,4087,3735.857,78.0,4551.0,84.143,1004.544,18.502
Pakistan,7/4/2020,225283,3387,3189.714,68.0,4619.0,71.571,1019.877,15.333
Pakistan,7/5/2020,231818,6535,3615.143,143.0,4762.0,85.0,1049.462,29.585
Pakistan,7/6/2020,234509,2691,3596.0,77.0,4839.0,76.429,1061.644,12.182
Pakistan,7/7/2020,237489,2980,3431.286,83.0,4922.0,75.286,1075.135,13.491
Pakistan,7/8/2020,240848,3359,3291.286,61.0,4983.0,72.857,1090.341,15.207
Pakistan,7/9/2020,243599,2751,3100.429,75.0,5058.0,72.429,1102.795,12.454
Pakistan,7/10/2020,246351,2752,3493.571,65.0,5123.0,81.714,1115.254,12.459
Pakistan,7/11/2020,248872,2521,3369.857,74.0,5197.0,82.571,1126.667,11.413
Pakistan,7/12/2020,251625,2753,2829.571,69.0,5266.0,72.0,1139.13,12.463
Pakistan,7/13/2020,253604,1979,2727.857,54.0,5320.0,68.714,1148.089,8.959
Pakistan,7/14/2020,255769,2165,2611.429,66.0,5386.0,66.286,1157.89,9.801
Pakistan,7/15/2020,257914,2145,2438.0,40.0,5426.0,63.286,1167.601,9.711
Pakistan,7/17/2020,261917,4003,2223.714,96.0,5522.0,57.0,1185.722,18.122
Pakistan,7/18/2020,263496,1579,2089.143,46.0,5568.0,53.0,1192.871,7.148
Pakistan,7/19/2020,265083,1587,1922.571,31.0,5599.0,47.571,1200.055,7.184
Pakistan,7/20/2020,266096,1013,1784.571,40.0,5639.0,45.571,1204.641,4.586
Pakistan,7/21/2020,267428,1332,1665.571,38.0,5677.0,41.571,1210.671,6.03
Pakistan,7/22/2020,269191,1763,1611.0,32.0,5709.0,40.429,1218.653,7.981
Pakistan,7/23/2020,270400,1209,1783.714,54.0,5763.0,48.143,1224.126,5.473
Pakistan,7/24/2020,271887,1487,1424.286,24.0,5787.0,37.857,1230.858,6.732
Pakistan,7/25/2020,273113,1226,1373.857,35.0,5822.0,36.286,1236.408,5.55
Pakistan,7/27/2020,274289,1176,1170.429,20.0,5842.0,29.0,1241.732,5.324
Pakistan,7/28/2020,275225,936,1113.857,23.0,5865.0,26.857,1245.969,4.237
Pakistan,7/29/2020,276288,1063,1013.857,27.0,5892.0,26.143,1250.781,4.812
Pakistan,7/30/2020,277402,1114,1000.286,32.0,5924.0,23.0,1255.824,5.043
Pakistan,7/31/2020,278305,903,916.857,27.0,5951.0,23.429,1259.912,4.088
Pakistan,8/2/2020,279699,1394,940.857,25.0,5976.0,22.0,1266.223,6.311
Pakistan,8/3/2020,280461,762,881.714,23.0,5999.0,22.429,1269.673,3.45
Pakistan,8/5/2020,281136,675,692.571,15.0,6014.0,17.429,1272.729,3.056
Pakistan,8/6/2020,281863,727,637.286,21.0,6035.0,15.857,1276.02,3.291
Pakistan,8/7/2020,282645,782,620.0,17.0,6052.0,14.429,1279.56,3.54
Pakistan,8/8/2020,283487,842,740.286,16.0,6068.0,16.714,1283.372,3.812
Pakistan,8/9/2020,284121,634,631.714,14.0,6082.0,15.143,1286.242,2.87
Pakistan,8/10/2020,284660,539,599.857,15.0,6097.0,14.0,1288.682,2.44
Pakistan,8/11/2020,285191,531,675.714,15.0,6112.0,16.143,1291.086,2.404
Pakistan,8/12/2020,285921,730,683.571,17.0,6129.0,16.429,1294.391,3.305
Pakistan,8/13/2020,286674,753,687.286,10.0,6139.0,14.857,1297.8,3.409
Pakistan,8/14/2020,287300,626,665.0,14.0,6153.0,14.429,1300.634,2.834
Pakistan,8/15/2020,288047,747,651.429,9.0,6162.0,13.429,1304.015,3.382
Pakistan,8/16/2020,289215,1168,727.714,13.0,6175.0,13.286,1309.303,5.288
Pakistan,8/18/2020,289832,617,663.0,15.0,6190.0,11.143,1312.096,2.793
Pakistan,8/19/2020,290445,613,646.286,11.0,6201.0,10.286,1314.871,2.775
Pakistan,8/20/2020,290958,513,612.0,8.0,6209.0,10.0,1317.194,2.322
Pakistan,8/21/2020,291588,630,612.571,10.0,6219.0,9.429,1320.046,2.852
Pakistan,8/22/2020,292174,586,589.571,12.0,6231.0,9.857,1322.699,2.653
Pakistan,8/23/2020,293261,1087,578.0,13.0,6244.0,9.857,1327.62,4.921
Pakistan,8/25/2020,293711,450,554.143,11.0,6255.0,9.286,1329.657,2.037
Pakistan,8/26/2020,294193,482,535.429,12.0,6267.0,9.429,1331.839,2.182
Pakistan,8/27/2020,294638,445,525.714,7.0,6274.0,9.286,1333.853,2.015
Pakistan,8/28/2020,295053,415,495.0,9.0,6283.0,9.143,1335.732,1.879
Pakistan,8/29/2020,295372,319,456.857,1.0,6284.0,7.571,1337.176,1.444
Pakistan,8/30/2020,295636,264,339.286,4.0,6288.0,6.286,1338.371,1.195
Pakistan,8/31/2020,295849,213,369.714,6.0,6294.0,7.143,1339.336,0.964
Pakistan,9/1/2020,296149,300,348.286,4.0,6298.0,6.143,1340.694,1.358
Pakistan,9/2/2020,297014,865,403.0,30.0,6328.0,8.714,1344.61,3.916
Pakistan,9/3/2020,297512,498,410.571,7.0,6335.0,8.714,1346.864,2.254
Pakistan,9/4/2020,298025,513,424.571,5.0,6340.0,8.143,1349.187,2.322
Pakistan,9/6/2020,298903,878,466.714,5.0,6345.0,8.143,1353.162,3.975
Pakistan,9/7/2020,299233,330,483.429,5.0,6350.0,8.0,1354.655,1.494
Pakistan,9/8/2020,299659,426,501.429,9.0,6359.0,8.714,1356.584,1.929
Pakistan,9/9/2020,300030,371,430.857,6.0,6365.0,5.286,1358.264,1.68
Pakistan,9/10/2020,300371,341,408.429,5.0,6370.0,5.0,1359.807,1.544
Pakistan,9/11/2020,300955,584,418.571,3.0,6373.0,4.714,1362.451,2.644
Pakistan,9/12/2020,301481,526,493.714,6.0,6379.0,5.571,1364.832,2.381
Pakistan,9/13/2020,302020,539,445.286,4.0,6383.0,5.429,1367.272,2.44
Pakistan,9/14/2020,302424,404,455.857,6.0,6389.0,5.571,1369.101,1.829
Pakistan,9/15/2020,303089,665,490.0,4.0,6393.0,4.857,1372.112,3.011
Pakistan,9/16/2020,303634,545,514.857,6.0,6399.0,4.857,1374.579,2.467
Pakistan,9/17/2020,304386,752,573.571,9.0,6408.0,5.429,1377.984,3.404
Pakistan,9/18/2020,305031,645,582.286,7.0,6415.0,6.0,1380.904,2.92
Pakistan,9/19/2020,305671,640,598.571,1.0,6416.0,5.286,1383.801,2.897
Pakistan,9/20/2020,306304,633,612.0,4.0,6420.0,5.286,1386.667,2.866
Pakistan,9/21/2020,306886,582,637.429,4.0,6424.0,5.0,1389.301,2.635
Pakistan,9/22/2020,307418,532,618.429,8.0,6432.0,5.571,1391.71,2.408
Pakistan,9/23/2020,308217,799,654.714,5.0,6437.0,5.429,1395.327,3.617
Pakistan,9/24/2020,309015,798,661.286,7.0,6444.0,5.143,1398.939,3.613
Pakistan,9/25/2020,309581,566,650.0,7.0,6451.0,5.143,1401.502,2.562
Pakistan,9/26/2020,310275,694,657.714,6.0,6457.0,5.857,1404.644,3.142
Pakistan,9/27/2020,310841,566,648.143,9.0,6466.0,6.571,1407.206,2.562
Pakistan,9/28/2020,311516,675,661.429,8.0,6474.0,7.143,1410.262,3.056
Pakistan,9/29/2020,312263,747,692.143,5.0,6479.0,6.714,1413.643,3.382
Pakistan,9/30/2020,312806,543,655.571,5.0,6484.0,6.714,1416.102,2.458
Pakistan,10/1/2020,313431,625,630.857,15.0,6499.0,7.857,1418.931,2.829
Pakistan,10/2/2020,313984,553,629.0,8.0,6507.0,8.0,1421.435,2.503
Pakistan,10/3/2020,314616,632,620.143,6.0,6513.0,8.0,1424.296,2.861
Pakistan,10/5/2020,315727,1111,601.571,10.0,6523.0,7.0,1429.325,5.03
Pakistan,10/6/2020,316351,624,584.0,12.0,6535.0,8.0,1432.15,2.825
Pakistan,10/7/2020,316934,583,589.714,9.0,6544.0,8.571,1434.79,2.639
Pakistan,10/8/2020,317595,661,594.857,8.0,6552.0,7.571,1437.782,2.992
Pakistan,10/9/2020,318266,671,611.714,6.0,6558.0,7.286,1440.82,3.038
Pakistan,10/10/2020,318932,666,616.571,12.0,6570.0,8.143,1443.835,3.015
Pakistan,10/11/2020,319317,385,671.571,10.0,6580.0,9.571,1445.578,1.743
Pakistan,10/12/2020,319848,531,588.714,8.0,6588.0,9.286,1447.981,2.404
Pakistan,10/13/2020,320463,615,587.429,13.0,6601.0,9.429,1450.766,2.784
Pakistan,10/14/2020,321218,755,612.0,13.0,6614.0,10.0,1454.184,3.418
Pakistan,10/15/2020,321877,659,611.714,7.0,6621.0,9.857,1457.167,2.983
Pakistan,10/16/2020,322452,575,598.0,17.0,6638.0,11.429,1459.77,2.603
Pakistan,10/17/2020,323019,567,583.857,16.0,6654.0,12.0,1462.337,2.567
Pakistan,10/18/2020,323452,433,590.714,5.0,6659.0,11.286,1464.297,1.96
Pakistan,10/19/2020,324034,582,598.0,14.0,6673.0,12.143,1466.932,2.635
Pakistan,10/20/2020,324744,710,611.571,19.0,6692.0,13.0,1470.146,3.214
Pakistan,10/21/2020,325480,736,608.857,10.0,6702.0,12.571,1473.478,3.332
Pakistan,10/22/2020,326216,736,619.857,13.0,6715.0,13.429,1476.81,3.332
Pakistan,10/23/2020,327063,847,658.714,12.0,6727.0,12.714,1480.644,3.834
Pakistan,10/24/2020,327895,832,696.571,9.0,6736.0,11.714,1484.411,3.767
Pakistan,10/25/2020,328602,707,735.714,3.0,6739.0,11.429,1487.612,3.201
Pakistan,10/26/2020,329375,773,763.0,6.0,6745.0,10.286,1491.111,3.499
Pakistan,10/27/2020,330200,825,779.429,14.0,6759.0,9.571,1494.846,3.735
Pakistan,10/28/2020,331108,908,804.0,16.0,6775.0,10.429,1498.957,4.111
Pakistan,10/29/2020,332186,1078,852.857,20.0,6795.0,11.429,1503.837,4.88
Pakistan,10/30/2020,332993,807,847.143,11.0,6806.0,11.286,1507.49,3.653
Pakistan,10/31/2020,333970,977,867.857,17.0,6823.0,12.429,1511.913,4.423
Pakistan,11/1/2020,335093,1123,927.286,12.0,6835.0,13.714,1516.997,5.084
Pakistan,11/2/2020,336260,1167,983.571,14.0,6849.0,14.857,1522.28,5.283
Pakistan,11/3/2020,337573,1313,1053.286,18.0,6867.0,15.429,1528.224,5.944
Pakistan,11/4/2020,338875,1302,1109.571,26.0,6893.0,16.857,1534.118,5.894
Pakistan,11/5/2020,340251,1376,1152.143,30.0,6923.0,18.286,1540.348,6.229
Pakistan,11/6/2020,341753,1502,1251.429,20.0,6943.0,19.571,1547.147,6.8
Pakistan,11/7/2020,343189,1436,1317.0,25.0,6968.0,20.714,1553.648,6.501
Pakistan,11/8/2020,344839,1650,1392.286,9.0,6977.0,20.286,1561.118,7.47
Pakistan,11/9/2020,346476,1637,1459.429,23.0,7000.0,21.571,1568.529,7.411
Pakistan,11/10/2020,348184,1708,1515.857,21.0,7021.0,22.0,1576.261,7.732
Pakistan,11/11/2020,349992,1808,1588.143,34.0,7055.0,23.143,1584.446,8.185
Pakistan,11/12/2020,352296,2304,1720.714,37.0,7092.0,24.143,1594.877,10.43
Pakistan,11/13/2020,354461,2165,1815.429,17.0,7109.0,23.714,1604.678,9.801
Pakistan,11/14/2020,356904,2443,1959.286,32.0,7141.0,24.714,1615.737,11.06
Pakistan,11/15/2020,359032,2128,2027.571,19.0,7160.0,26.143,1625.371,9.634
Pakistan,11/16/2020,361082,2050,2086.571,33.0,7193.0,27.571,1634.652,9.281
Pakistan,11/17/2020,363380,2298,2170.857,37.0,7230.0,29.857,1645.055,10.403
Pakistan,11/18/2020,365927,2547,2276.429,18.0,7248.0,27.571,1656.585,11.531
Pakistan,11/19/2020,368665,2738,2338.429,313.0,7561.0,67.0,1668.981,12.395
Pakistan,11/20/2020,371508,2843,2435.286,42.0,7603.0,70.571,1681.851,12.871
Pakistan,11/21/2020,374173,2665,2467.0,59.0,7662.0,74.429,1693.916,12.065
Pakistan,11/22/2020,376929,2756,2556.714,34.0,7696.0,76.571,1706.392,12.477
Pakistan,11/23/2020,379883,2954,2685.857,48.0,7744.0,78.714,1719.765,13.373
Pakistan,11/24/2020,382892,3009,2787.429,59.0,7803.0,81.857,1733.387,13.622
Pakistan,11/25/2020,386198,3306,2895.857,40.0,7843.0,85.0,1748.354,14.967
Pakistan,11/26/2020,389311,3113,2949.429,54.0,7897.0,48.0,1762.447,14.093
Pakistan,11/27/2020,392356,3045,2978.286,45.0,7942.0,48.429,1776.232,13.785
Pakistan,11/28/2020,395185,2829,3001.714,43.0,7985.0,46.143,1789.039,12.807
Pakistan,11/29/2020,398024,2839,3013.571,40.0,8025.0,47.0,1801.891,12.852
Pakistan,11/30/2020,400482,2458,2942.714,66.0,8091.0,49.571,1813.019,11.128
Pakistan,12/1/2020,403311,2829,2917.0,75.0,8166.0,51.857,1825.826,12.807
Pakistan,12/2/2020,406810,3499,2944.571,39.0,8205.0,51.714,1841.666,15.84
Pakistan,12/3/2020,410072,3262,2965.857,55.0,8260.0,51.857,1856.434,14.767
Pakistan,12/4/2020,413191,3119,2976.429,43.0,8303.0,51.571,1870.554,14.12
Pakistan,12/5/2020,416499,3308,3044.857,58.0,8361.0,53.714,1885.529,14.976
Pakistan,12/6/2020,420294,3795,3181.429,37.0,8398.0,53.286,1902.71,17.18
Pakistan,12/7/2020,423179,2885,3242.429,89.0,8487.0,56.571,1915.77,13.061
Pakistan,12/8/2020,426142,2963,3261.571,60.0,8547.0,54.429,1929.184,13.414
Pakistan,12/9/2020,429280,3138,3210.0,56.0,8603.0,56.857,1943.39,14.206
Pakistan,12/10/2020,432327,3047,3179.286,50.0,8653.0,56.143,1957.184,13.794
Pakistan,12/11/2020,435056,2729,3123.571,71.0,8724.0,60.143,1969.539,12.354
Pakistan,12/12/2020,438425,3369,3132.286,72.0,8796.0,62.143,1984.79,15.252
Pakistan,12/13/2020,440787,2362,2927.571,36.0,8832.0,62.0,1995.483,10.693
Pakistan,12/14/2020,443246,2459,2866.714,73.0,8905.0,59.714,2006.616,11.132
Pakistan,12/15/2020,445977,2731,2833.571,105.0,9010.0,66.143,2018.979,12.363
Pakistan,12/16/2020,448522,2545,2748.857,70.0,9080.0,68.143,2030.501,11.521
Pakistan,12/17/2020,451494,2972,2738.143,84.0,9164.0,73.0,2043.955,13.455
Pakistan,12/18/2020,454673,3179,2802.429,86.0,9250.0,75.143,2058.347,14.392
Pakistan,12/19/2020,457288,2615,2694.714,80.0,9330.0,76.286,2070.185,11.838
Pakistan,12/20/2020,458968,1680,2597.286,62.0,9392.0,80.0,2077.791,7.606
Pakistan,12/21/2020,460672,1704,2489.429,82.0,9474.0,81.286,2085.505,7.714
Pakistan,12/22/2020,462814,2142,2405.286,83.0,9557.0,78.143,2095.202,9.697
Pakistan,12/23/2020,465070,2256,2364.0,111.0,9668.0,84.0,2105.415,10.213
Pakistan,12/24/2020,467222,2152,2246.857,85.0,9753.0,84.143,2115.157,9.742
Pakistan,12/25/2020,469482,2260,2115.571,63.0,9816.0,80.857,2125.388,10.231
Pakistan,12/26/2020,471335,1853,2006.714,58.0,9874.0,77.714,2133.777,8.389
Pakistan,12/27/2020,473309,1974,2048.714,55.0,9929.0,76.714,2142.714,8.936
Pakistan,12/28/2020,475085,1776,2059.0,63.0,9992.0,74.0,2150.754,8.04
Pakistan,12/29/2020,477240,2155,2060.857,55.0,10047.0,70.0,2160.51,9.756
Pakistan,12/30/2020,479715,2475,2092.143,58.0,10105.0,62.429,2171.714,11.205
Pakistan,12/31/2020,482178,2463,2136.571,71.0,10176.0,60.429,2182.864,11.15
Pakistan,1/1/2021,484362,2184,2125.714,82.0,10258.0,63.143,2192.752,9.887
Pakistan,1/2/2021,486634,2272,2185.571,53.0,10311.0,62.429,2203.037,10.286
Pakistan,1/3/2021,488529,1895,2174.286,39.0,10350.0,60.143,2211.616,8.579
Pakistan,1/4/2021,490476,1947,2198.714,59.0,10409.0,59.571,2220.43,8.814
Pakistan,1/5/2021,492594,2118,2193.429,52.0,10461.0,59.143,2230.019,9.588
Pakistan,1/6/2021,495075,2481,2194.286,50.0,10511.0,58.0,2241.25,11.232
Pakistan,1/7/2021,497510,2435,2190.286,47.0,10558.0,54.571,2252.274,11.023
Pakistan,1/8/2021,499517,2007,2165.0,40.0,10598.0,48.571,2261.36,9.086
Pakistan,1/9/2021,502416,2899,2254.571,46.0,10644.0,47.571,2274.484,13.124
Pakistan,1/10/2021,504293,1877,2252.0,32.0,10676.0,46.571,2282.981,8.497
Pakistan,1/11/2021,506701,2408,2317.857,41.0,10717.0,44.0,2293.882,10.901
Pakistan,1/12/2021,508824,2123,2318.571,55.0,10772.0,44.429,2303.493,9.611
Pakistan,1/13/2021,511921,3097,2406.571,46.0,10818.0,43.857,2317.514,14.02
Pakistan,1/14/2021,514338,2417,2404.0,45.0,10863.0,43.571,2328.456,10.942
Pakistan,1/15/2021,516770,2432,2464.714,45.0,10908.0,44.286,2339.466,11.01
Pakistan,1/16/2021,519291,2521,2410.714,43.0,10951.0,43.857,2350.878,11.413
Pakistan,1/17/2021,521211,1920,2416.857,46.0,10997.0,45.857,2359.57,8.692
Pakistan,1/18/2021,523011,1800,2330.0,58.0,11055.0,48.286,2367.719,8.149
Pakistan,1/19/2021,524783,1772,2279.857,48.0,11103.0,47.286,2375.741,8.022
Pakistan,1/20/2021,527146,2363,2175.0,54.0,11157.0,48.429,2386.439,10.698
Pakistan,1/21/2021,528891,1745,2079.0,47.0,11204.0,48.714,2394.338,7.9
Pakistan,1/22/2021,530818,1927,2006.857,43.0,11247.0,48.429,2403.062,8.724
Pakistan,1/23/2021,532412,1594,1874.429,48.0,11295.0,49.143,2410.278,7.216
Pakistan,1/24/2021,534041,1629,1832.857,23.0,11318.0,45.857,2417.653,7.375
Pakistan,1/25/2021,535914,1873,1843.286,58.0,11376.0,45.857,2426.132,8.479
Pakistan,1/26/2021,537477,1563,1813.429,74.0,11450.0,49.571,2433.208,7.076
Pakistan,1/27/2021,539387,1910,1748.714,64.0,11514.0,51.0,2441.855,8.647
Pakistan,1/28/2021,541031,1644,1734.286,46.0,11560.0,50.857,2449.297,7.443
Pakistan,1/29/2021,543214,2183,1770.857,63.0,11623.0,53.714,2459.18,9.883
Pakistan,1/30/2021,544813,1599,1771.571,34.0,11657.0,51.714,2466.419,7.239
Pakistan,1/31/2021,546428,1615,1769.571,26.0,11683.0,52.143,2473.73,7.311
Pakistan,2/1/2021,547648,1220,1676.286,63.0,11746.0,52.857,2479.253,5.523
Pakistan,2/2/2021,549032,1384,1650.714,56.0,11802.0,50.286,2485.519,6.265
Pakistan,2/3/2021,550540,1508,1593.286,31.0,11833.0,45.571,2492.345,6.827
Pakistan,2/4/2021,551842,1302,1544.429,53.0,11886.0,46.571,2498.24,5.894
Pakistan,2/5/2021,553128,1286,1416.286,28.0,11914.0,41.571,2504.062,5.822
Pakistan,2/6/2021,554474,1346,1380.143,53.0,11967.0,44.286,2510.155,6.093
Pakistan,2/7/2021,555511,1037,1297.571,59.0,12026.0,49.0,2514.85,4.695
Pakistan,2/8/2021,556519,1008,1267.286,40.0,12066.0,45.714,2519.413,4.563
Pakistan,2/9/2021,557591,1072,1222.714,62.0,12128.0,46.571,2524.266,4.853
Pakistan,2/10/2021,559093,1502,1221.857,57.0,12185.0,50.286,2531.066,6.8
Pakistan,2/11/2021,560363,1270,1217.286,33.0,12218.0,47.429,2536.815,5.749
Pakistan,2/12/2021,561625,1262,1213.857,58.0,12276.0,51.714,2542.528,5.713
Pakistan,2/13/2021,563029,1404,1222.143,31.0,12307.0,48.571,2548.884,6.356
Pakistan,2/14/2021,564077,1048,1223.714,26.0,12333.0,43.857,2553.629,4.744
Pakistan,2/16/2021,565989,1912,1199.714,103.0,12436.0,44.0,2562.285,8.656
Pakistan,2/17/2021,567261,1272,1166.857,52.0,12488.0,43.286,2568.043,5.758
Pakistan,2/18/2021,568506,1245,1163.286,39.0,12527.0,44.143,2573.679,5.636
Pakistan,2/19/2021,569846,1340,1174.429,36.0,12563.0,41.0,2579.746,6.066
Pakistan,2/20/2021,571174,1328,1163.571,38.0,12601.0,42.0,2585.757,6.012
Pakistan,2/21/2021,572334,1160,1179.571,16.0,12617.0,40.571,2591.009,5.251
Pakistan,2/22/2021,573384,1050,1329.571,41.0,12658.0,46.429,2595.762,4.753
Pakistan,2/23/2021,574580,1196,1227.286,50.0,12708.0,38.857,2601.177,5.414
Pakistan,2/24/2021,575941,1361,1240.0,64.0,12772.0,40.571,2607.338,6.161
Pakistan,2/25/2021,577482,1541,1282.286,32.0,12804.0,39.571,2614.314,6.976
Pakistan,2/26/2021,578797,1315,1278.714,33.0,12837.0,39.143,2620.268,5.953
Pakistan,2/27/2021,579973,1176,1257.0,23.0,12860.0,37.0,2625.591,5.324
Pakistan,2/28/2021,581365,1392,1290.143,36.0,12896.0,39.857,2631.893,6.302
Pakistan,3/1/2021,582528,1163,1306.286,42.0,12938.0,40.0,2637.158,5.265
Pakistan,3/2/2021,583916,1388,1333.714,75.0,13013.0,43.571,2643.442,6.284
Pakistan,3/3/2021,585435,1519,1356.286,63.0,13076.0,43.429,2650.318,6.877
Pakistan,3/4/2021,587014,1579,1361.714,52.0,13128.0,46.286,2657.467,7.148
Pakistan,3/5/2021,588728,1714,1418.714,38.0,13166.0,47.0,2665.226,7.759
Pakistan,3/6/2021,590508,1780,1505.0,39.0,13205.0,49.286,2673.284,8.058
Pakistan,3/7/2021,592100,1592,1533.571,22.0,13227.0,47.286,2680.491,7.207
Pakistan,3/8/2021,593453,1353,1560.714,54.0,13281.0,49.0,2686.617,6.125
Pakistan,3/9/2021,595239,1786,1617.571,43.0,13324.0,44.429,2694.702,8.085
Pakistan,3/10/2021,597497,2258,1723.143,53.0,13377.0,43.0,2704.924,10.222
Pakistan,3/11/2021,600198,2701,1883.429,53.0,13430.0,43.143,2717.152,12.228
Pakistan,3/12/2021,602536,2338,1972.571,46.0,13476.0,44.286,2727.736,10.584
Pakistan,3/13/2021,605200,2664,2098.857,32.0,13508.0,43.286,2739.796,12.06
Pakistan,3/14/2021,607453,2253,2193.286,29.0,13537.0,44.286,2749.996,10.2
Pakistan,3/15/2021,609964,2511,2358.714,58.0,13595.0,44.857,2761.363,11.368
Pakistan,3/16/2021,612315,2351,2439.429,61.0,13656.0,47.429,2772.007,10.643
Pakistan,3/17/2021,615810,3495,2616.143,61.0,13717.0,48.571,2787.829,15.822
Pakistan,3/18/2021,619259,3449,2723.0,40.0,13757.0,46.714,2803.443,15.614
Pakistan,3/19/2021,623135,3876,2942.714,42.0,13799.0,46.143,2820.99,17.547
Pakistan,3/20/2021,626802,3667,3086.0,44.0,13843.0,47.857,2837.591,16.601
Pakistan,3/21/2021,630471,3669,3288.286,20.0,13863.0,46.571,2854.2,16.61
Pakistan,3/22/2021,633741,3270,3396.714,72.0,13935.0,48.571,2869.004,14.804
Pakistan,3/23/2021,637042,3301,3532.429,30.0,13965.0,44.143,2883.948,14.944
Pakistan,3/24/2021,640988,3946,3596.857,63.0,14028.0,44.429,2901.812,17.864
