total_cases,new_cases,new_cases_smoothed,total_deaths,new_deaths,new_deaths_smoothed,total_cases_per_million,new_cases_per_million,new_cases_smoothed_per_million,total_deaths_per_million,new_deaths_per_million,new_deaths_smoothed_per_million,reproduction_rate,icu_patients,icu_patients_per_million,hosp_patients,hosp_patients_per_million,weekly_icu_admissions,weekly_icu_admissions_per_million,weekly_hosp_admissions,weekly_hosp_admissions_per_million,new_tests,total_tests,total_tests_per_thousand,new_tests_per_thousand,new_tests_smoothed,new_tests_smoothed_per_thousand,positive_rate,tests_per_case,total_vaccinations,people_vaccinated,people_fully_vaccinated,new_vaccinations,new_vaccinations_smoothed,total_vaccinations_per_hundred,people_vaccinated_per_hundred,people_fully_vaccinated_per_hundred,new_vaccinations_smoothed_per_million,stringency_index,population,population_density,median_age,aged_65_older,aged_70_older,gdp_per_capita,extreme_poverty,cardiovasc_death_rate,diabetes_prevalence,female_smokers,male_smokers,handwashing_facilities,hospital_beds_per_thousand,life_expectancy,human_development_index
2,2,,,,,0.009,0.009,,,,,,,,,,,,,,,,,,,,,,,,,,,,,,,19.44,220892331,255.573,23.5,4.495,2.78,5034.708,4,423.031,8.35,2.8,36.7,59.607,0.6,67.27,0.557
2,0,,,,,0.009,0,,,,,,,,,,,,,,,,,,,,,,,,,,,,,,,19.44,220892331,255.573,23.5,4.495,2.78,5034.708,4,423.031,8.35,2.8,36.7,59.607,0.6,67.27,0.557
2,0,,,,,0.009,0,,,,,,,,,,,,,,,,,,,,,,,,,,,,,,,28.7,220892331,255.573,23.5,4.495,2.78,5034.708,4,423.031,8.35,2.8,36.7,59.607,0.6,67.27,0.557
4,2,,,,,0.018,0.009,,,,,,,,,,,,,,,,,,,,,,,,,,,,,,,28.7,220892331,255.573,23.5,4.495,2.78,5034.708,4,423.031,8.35,2.8,36.7,59.607,0.6,67.27,0.557
4,0,,,,,0.018,0,,,,,,,,,,,,,,,,,,,,,,,,,,,,,,,28.7,220892331,255.573,23.5,4.495,2.78,5034.708,4,423.031,8.35,2.8,36.7,59.607,0.6,67.27,0.557
4,0,0.571,,,0,0.018,0,0.003,,,0,,,,,,,,,,,,,,,,,,,,,,,,,,,28.7,220892331,255.573,23.5,4.495,2.78,5034.708,4,423.031,8.35,2.8,36.7,59.607,0.6,67.27,0.557
5,1,0.714,,,0,0.023,0.005,0.003,,,0,,,,,,,,,,,,,,,,,,,,,,,,,,,28.7,220892331,255.573,23.5,4.495,2.78,5034.708,4,423.031,8.35,2.8,36.7,59.607,0.6,67.27,0.557
5,0,0.429,,,0,0.023,0,0.002,,,0,,,,,,,,,,,,,,,,,,,,,,,,,,,28.7,220892331,255.573,23.5,4.495,2.78,5034.708,4,423.031,8.35,2.8,36.7,59.607,0.6,67.27,0.557
5,0,0.429,,,0,0.023,0,0.002,,,0,,,,,,,,,,,,,,,,,,,,,,,,,,,28.7,220892331,255.573,23.5,4.495,2.78,5034.708,4,423.031,8.35,2.8,36.7,59.607,0.6,67.27,0.557
6,1,0.571,,,0,0.027,0.005,0.003,,,0,,,,,,,,,,,,,,,,,,,,,,,,,,,28.7,220892331,255.573,23.5,4.495,2.78,5034.708,4,423.031,8.35,2.8,36.7,59.607,0.6,67.27,0.557
6,0,0.286,,,0,0.027,0,0.001,,,0,,,,,,,,,,,,,,,,,,,,,,,,,,,28.7,220892331,255.573,23.5,4.495,2.78,5034.708,4,423.031,8.35,2.8,36.7,59.607,0.6,67.27,0.557
6,0,0.286,,,0,0.027,0,0.001,,,0,,,,,,,,,,,,,,,,,,,,,,,,,,,28.7,220892331,255.573,23.5,4.495,2.78,5034.708,4,423.031,8.35,2.8,36.7,59.607,0.6,67.27,0.557
6,0,0.286,,,0,0.027,0,0.001,,,0,,,,,,,,,,,,,,,,,,,,,,,,,,,28.7,220892331,255.573,23.5,4.495,2.78,5034.708,4,423.031,8.35,2.8,36.7,59.607,0.6,67.27,0.557
16,10,1.571,,,0,0.072,0.045,0.007,,,0,,,,,,,,,,,,,,,,,,,,,,,,,,,28.7,220892331,255.573,23.5,4.495,2.78,5034.708,4,423.031,8.35,2.8,36.7,59.607,0.6,67.27,0.557
19,3,2,,,0,0.086,0.014,0.009,,,0,,,,,,,,,,,,,,,,,,,,,,,,,,,28.7,220892331,255.573,23.5,4.495,2.78,5034.708,4,423.031,8.35,2.8,36.7,59.607,0.6,67.27,0.557
20,1,2.143,,,0,0.091,0.005,0.01,,,0,,,,,,,,,,,471,0.002,,,,,,,,,,,,,,,28.7,220892331,255.573,23.5,4.495,2.78,5034.708,4,423.031,8.35,2.8,36.7,59.607,0.6,67.27,0.557
28,8,3.143,,,0,0.127,0.036,0.014,,,0,,,,,,,,,,60,531,0.002,0,,,,,,,,,,,,,,28.7,220892331,255.573,23.5,4.495,2.78,5034.708,4,423.031,8.35,2.8,36.7,59.607,0.6,67.27,0.557
31,3,3.571,,,0,0.14,0.014,0.016,,,0,,,,,,,,,,78,609,0.003,0,,,,,,,,,,,,,,52.78,220892331,255.573,23.5,4.495,2.78,5034.708,4,423.031,8.35,2.8,36.7,59.607,0.6,67.27,0.557
53,22,6.714,,,0,0.24,0.1,0.03,,,0,,,,,,,,,,75,684,0.003,0,,,,,,,,,,,,,,52.78,220892331,255.573,23.5,4.495,2.78,5034.708,4,423.031,8.35,2.8,36.7,59.607,0.6,67.27,0.557
136,83,18.571,,,0,0.616,0.376,0.084,,,0,,,,,,,,,,149,833,0.004,0.001,,,,,,,,,,,,,,52.78,220892331,255.573,23.5,4.495,2.78,5034.708,4,423.031,8.35,2.8,36.7,59.607,0.6,67.27,0.557
236,100,31.429,,,0,1.068,0.453,0.142,,,0,2.39,,,,,,,,,292,1125,0.005,0.001,,,,,,,,,,,,,,52.78,220892331,255.573,23.5,4.495,2.78,5034.708,4,423.031,8.35,2.8,36.7,59.607,0.6,67.27,0.557
299,63,40,,,0,1.354,0.285,0.181,,,0,2.34,,,,,,,,,16,1141,0.005,0,,,,,,,,,,,,,,52.78,220892331,255.573,23.5,4.495,2.78,5034.708,4,423.031,8.35,2.8,36.7,59.607,0.6,67.27,0.557
454,155,62,2,2,0.286,2.055,0.702,0.281,0.009,0.009,0.001,2.29,,,,,,,,,1022,2163,0.01,0.005,242,0.001,0.256,3.9,,,,,,,,,,52.78,220892331,255.573,23.5,4.495,2.78,5034.708,4,423.031,8.35,2.8,36.7,59.607,0.6,67.27,0.557
501,47,67.571,3,1,0.429,2.268,0.213,0.306,0.014,0.005,0.002,2.2,,,,,,,,,1247,3410,0.015,0.006,411,0.002,0.164,6.1,,,,,,,,,,52.78,220892331,255.573,23.5,4.495,2.78,5034.708,4,423.031,8.35,2.8,36.7,59.607,0.6,67.27,0.557
730,229,99.857,3,0,0.429,3.305,1.037,0.452,0.014,0,0.002,2.14,,,,,,,,,591,4001,0.018,0.003,485,0.002,0.206,4.9,,,,,,,,,,52.78,220892331,255.573,23.5,4.495,2.78,5034.708,4,423.031,8.35,2.8,36.7,59.607,0.6,67.27,0.557
776,46,103.286,5,2,0.714,3.513,0.208,0.468,0.023,0.009,0.003,2.03,,,,,,,,,1224,5225,0.024,0.006,649,0.003,0.159,6.3,,,,,,,,,,55.56,220892331,255.573,23.5,4.495,2.78,5034.708,4,423.031,8.35,2.8,36.7,59.607,0.6,67.27,0.557
875,99,105.571,6,1,0.857,3.961,0.448,0.478,0.027,0.005,0.004,1.96,,,,,,,,,219,5444,0.025,0.001,659,0.003,0.16,6.2,,,,,,,,,,55.56,220892331,255.573,23.5,4.495,2.78,5034.708,4,423.031,8.35,2.8,36.7,59.607,0.6,67.27,0.557
972,97,105.143,7,1,1,4.4,0.439,0.476,0.032,0.005,0.005,1.89,,,,,,,,,413,5857,0.027,0.002,676,0.003,0.156,6.4,,,,,,,,,,85.19,220892331,255.573,23.5,4.495,2.78,5034.708,4,423.031,8.35,2.8,36.7,59.607,0.6,67.27,0.557
1063,91,109.143,8,1,1.143,4.812,0.412,0.494,0.036,0.005,0.005,1.84,,,,,,,,,266,6123,0.028,0.001,712,0.003,0.153,6.5,,,,,,,,,,93.52,220892331,255.573,23.5,4.495,2.78,5034.708,4,423.031,8.35,2.8,36.7,59.607,0.6,67.27,0.557
1201,138,106.714,9,1,1,5.437,0.625,0.483,0.041,0.005,0.005,1.8,,,,,,,,,326,6449,0.029,0.001,612,0.003,0.174,5.7,,,,,,,,,,93.52,220892331,255.573,23.5,4.495,2.78,5034.708,4,423.031,8.35,2.8,36.7,59.607,0.6,67.27,0.557
1373,172,124.571,11,2,1.143,6.216,0.779,0.564,0.05,0.009,0.005,1.77,,,,,,,,,1386,7835,0.035,0.006,632,0.003,0.197,5.1,,,,,,,,,,96.3,220892331,255.573,23.5,4.495,2.78,5034.708,4,423.031,8.35,2.8,36.7,59.607,0.6,67.27,0.557
1495,122,109.286,12,1,1.286,6.768,0.552,0.495,0.054,0.005,0.006,1.73,,,,,,,,,5396,13231,0.06,0.024,1319,0.006,0.083,12.1,,,,,,,,,,96.3,220892331,255.573,23.5,4.495,2.78,5034.708,4,423.031,8.35,2.8,36.7,59.607,0.6,67.27,0.557
1597,102,117.286,14,2,1.286,7.23,0.462,0.531,0.063,0.009,0.006,1.7,,,,,,,,,1105,14336,0.065,0.005,1302,0.006,0.09,11.1,,,,,,,,,,96.3,220892331,255.573,23.5,4.495,2.78,5034.708,4,423.031,8.35,2.8,36.7,59.607,0.6,67.27,0.557
1717,120,120.286,21,7,2.143,7.773,0.543,0.545,0.095,0.032,0.01,1.68,,,,,,,,,412,14748,0.067,0.002,1329,0.006,0.091,11,,,,,,,,,,96.3,220892331,255.573,23.5,4.495,2.78,5034.708,4,423.031,8.35,2.8,36.7,59.607,0.6,67.27,0.557
1938,221,138,26,5,2.714,8.774,1,0.625,0.118,0.023,0.012,1.68,,,,,,,,,935,15683,0.071,0.004,1404,0.006,0.098,10.2,,,,,,,,,,96.3,220892331,255.573,23.5,4.495,2.78,5034.708,4,423.031,8.35,2.8,36.7,59.607,0.6,67.27,0.557
2118,180,150.714,27,1,2.714,9.588,0.815,0.682,0.122,0.005,0.012,1.66,,,,,,,,,284,15967,0.072,0.001,1406,0.006,0.107,9.3,,,,,,,,,,96.3,220892331,255.573,23.5,4.495,2.78,5034.708,4,423.031,8.35,2.8,36.7,59.607,0.6,67.27,0.557
2421,303,174.286,34,7,3.571,10.96,1.372,0.789,0.154,0.032,0.016,1.65,,,,,,,,,1357,17324,0.078,0.006,1554,0.007,0.112,8.9,,,,,,,,,,96.3,220892331,255.573,23.5,4.495,2.78,5034.708,4,423.031,8.35,2.8,36.7,59.607,0.6,67.27,0.557
2686,265,187.571,40,6,4.143,12.16,1.2,0.849,0.181,0.027,0.019,1.63,,,,,,,,,12984,30308,0.137,0.059,3210,0.015,0.058,17.1,,,,,,,,,,96.3,220892331,255.573,23.5,4.495,2.78,5034.708,4,423.031,8.35,2.8,36.7,59.607,0.6,67.27,0.557
2818,132,189,41,1,4.143,12.757,0.598,0.856,0.186,0.005,0.019,1.6,,,,,,,,,2622,32930,0.149,0.012,2814,0.013,0.067,14.9,,,,,,,,,,96.3,220892331,255.573,23.5,4.495,2.78,5034.708,4,423.031,8.35,2.8,36.7,59.607,0.6,67.27,0.557
3157,339,222.857,47,6,4.714,14.292,1.535,1.009,0.213,0.027,0.021,1.6,,,,,,,,,1955,34885,0.158,0.009,2936,0.013,0.076,13.2,,,,,,,,,,96.3,220892331,255.573,23.5,4.495,2.78,5034.708,4,423.031,8.35,2.8,36.7,59.607,0.6,67.27,0.557
3766,609,292.714,53,6,4.571,17.049,2.757,1.325,0.24,0.027,0.021,1.58,,,,,,,,,990,35875,0.162,0.004,3018,0.014,0.097,10.3,,,,,,,,,,96.3,220892331,255.573,23.5,4.495,2.78,5034.708,4,423.031,8.35,2.8,36.7,59.607,0.6,67.27,0.557
4035,269,299.571,57,4,4.429,18.267,1.218,1.356,0.258,0.018,0.02,1.53,,,,,,,,,3308,39183,0.177,0.015,3357,0.015,0.089,11.2,,,,,,,,,,96.3,220892331,255.573,23.5,4.495,2.78,5034.708,4,423.031,8.35,2.8,36.7,59.607,0.6,67.27,0.557
4263,228,306.429,61,4,4.857,19.299,1.032,1.387,0.276,0.018,0.022,1.49,,,,,,,,,2976,42159,0.191,0.013,3742,0.017,0.082,12.2,,,,,,,,,,96.3,220892331,255.573,23.5,4.495,2.78,5034.708,4,423.031,8.35,2.8,36.7,59.607,0.6,67.27,0.557
4489,226,295.429,65,4,4.429,20.322,1.023,1.337,0.294,0.018,0.02,1.46,,,,,,,,,2737,44896,0.203,0.012,3939,0.018,0.075,13.3,,,,,,,,,,96.3,220892331,255.573,23.5,4.495,2.78,5034.708,4,423.031,8.35,2.8,36.7,59.607,0.6,67.27,0.557
4695,206,287,66,1,3.714,21.255,0.933,1.299,0.299,0.005,0.017,1.44,,,,,,,,,9810,54706,0.248,0.044,3485,0.016,0.082,12.1,,,,,,,,,,96.3,220892331,255.573,23.5,4.495,2.78,5034.708,4,423.031,8.35,2.8,36.7,59.607,0.6,67.27,0.557
5011,316,313.286,86,20,6.429,22.685,1.431,1.418,0.389,0.091,0.029,1.43,,,,,,,,,3130,57836,0.262,0.014,3558,0.016,0.088,11.4,,,,,,,,,,96.3,220892331,255.573,23.5,4.495,2.78,5034.708,4,423.031,8.35,2.8,36.7,59.607,0.6,67.27,0.557
5230,219,296.143,91,5,6.286,23.677,0.991,1.341,0.412,0.023,0.028,1.43,,,,,,,,,3965,61801,0.28,0.018,3845,0.017,0.077,13,,,,,,,,,,96.3,220892331,255.573,23.5,4.495,2.78,5034.708,4,423.031,8.35,2.8,36.7,59.607,0.6,67.27,0.557
5496,266,247.143,93,2,5.714,24.881,1.204,1.119,0.421,0.009,0.026,1.43,,,,,,,,,3313,65114,0.295,0.015,4177,0.019,0.059,16.9,,,,,,,,,,96.3,220892331,255.573,23.5,4.495,2.78,5034.708,4,423.031,8.35,2.8,36.7,59.607,0.6,67.27,0.557
5837,341,257.429,96,3,5.571,26.425,1.544,1.165,0.435,0.014,0.025,1.44,,,,,,,,,4814,69928,0.317,0.022,4392,0.02,0.059,17.1,,,,,,,,,,96.3,220892331,255.573,23.5,4.495,2.78,5034.708,4,423.031,8.35,2.8,36.7,59.607,0.6,67.27,0.557
6383,546,302.857,111,15,7.143,28.896,2.472,1.371,0.503,0.068,0.032,1.46,,,,,,,,,3511,73439,0.332,0.016,4469,0.02,0.068,14.8,,,,,,,,,,96.3,220892331,255.573,23.5,4.495,2.78,5034.708,4,423.031,8.35,2.8,36.7,59.607,0.6,67.27,0.557
6919,536,347.143,128,17,9,31.323,2.427,1.572,0.579,0.077,0.041,1.46,,,,,,,,,5540,78979,0.358,0.025,4869,0.022,0.071,14,,,,,,,,,,92.59,220892331,255.573,23.5,4.495,2.78,5034.708,4,423.031,8.35,2.8,36.7,59.607,0.6,67.27,0.557
7025,106,332.857,135,7,9.857,31.803,0.48,1.507,0.611,0.032,0.045,1.45,,,,,,,,,5725,84704,0.383,0.026,4285,0.019,0.078,12.9,,,,,,,,,,92.59,220892331,255.573,23.5,4.495,2.78,5034.708,4,423.031,8.35,2.8,36.7,59.607,0.6,67.27,0.557
7638,613,375.286,143,8,8.143,34.578,2.775,1.699,0.647,0.036,0.037,1.47,,,,,,,,,7844,92548,0.419,0.036,4959,0.022,0.076,13.2,,,,,,,,,,92.59,220892331,255.573,23.5,4.495,2.78,5034.708,4,423.031,8.35,2.8,36.7,59.607,0.6,67.27,0.557
8348,710,445.429,168,25,11,37.792,3.214,2.016,0.761,0.113,0.05,1.48,,,,,,,,,5974,98522,0.446,0.027,5246,0.024,0.085,11.8,,,,,,,,,,92.59,220892331,255.573,23.5,4.495,2.78,5034.708,4,423.031,8.35,2.8,36.7,59.607,0.6,67.27,0.557
8418,70,417.429,176,8,11.857,38.109,0.317,1.89,0.797,0.036,0.054,1.47,,,,,,,,,5780,104302,0.472,0.026,5598,0.025,0.075,13.4,,,,,,,,,,92.59,220892331,255.573,23.5,4.495,2.78,5034.708,4,423.031,8.35,2.8,36.7,59.607,0.6,67.27,0.557
9565,1147,532.571,201,25,15,43.302,5.193,2.411,0.91,0.113,0.068,1.49,,,,,,,,,,,,,5447,0.025,0.098,10.2,,,,,,,,,,92.59,220892331,255.573,23.5,4.495,2.78,5034.708,4,423.031,8.35,2.8,36.7,59.607,0.6,67.27,0.557
10076,511,527.571,212,11,14.429,45.615,2.313,2.388,0.96,0.05,0.065,1.48,,,,,,,,,,111806,0.506,,5481,0.025,0.096,10.4,,,,,,,,,,92.59,220892331,255.573,23.5,4.495,2.78,5034.708,4,423.031,8.35,2.8,36.7,59.607,0.6,67.27,0.557
11155,1079,605.143,237,25,15.571,50.5,4.885,2.74,1.073,0.113,0.07,1.47,,,,,,,,,6214,118020,0.534,0.028,5577,0.025,0.109,9.2,,,,,,,,,,92.59,220892331,255.573,23.5,4.495,2.78,5034.708,4,423.031,8.35,2.8,36.7,59.607,0.6,67.27,0.557
11940,785,702.143,253,16,16.857,54.053,3.554,3.179,1.145,0.072,0.076,1.45,,,,,,,,,6529,124549,0.564,0.03,5692,0.026,0.123,8.1,,,,,,,,,,92.59,220892331,255.573,23.5,4.495,2.78,5034.708,4,423.031,8.35,2.8,36.7,59.607,0.6,67.27,0.557
12723,783,726.429,269,16,18,57.598,3.545,3.289,1.218,0.072,0.081,1.43,,,,,,,,,6816,131365,0.595,0.031,5545,0.025,0.131,7.6,,,,,,,,,,89.81,220892331,255.573,23.5,4.495,2.78,5034.708,4,423.031,8.35,2.8,36.7,59.607,0.6,67.27,0.557
13328,605,711.429,281,12,16.143,60.337,2.739,3.221,1.272,0.054,0.073,1.41,,,,,,,,,6782,138147,0.625,0.031,5661,0.026,0.126,8,,,,,,,,,,89.81,220892331,255.573,23.5,4.495,2.78,5034.708,4,423.031,8.35,2.8,36.7,59.607,0.6,67.27,0.557
13915,587,785.286,292,11,16.571,62.994,2.657,3.555,1.322,0.05,0.075,1.4,,,,,,,,,6218,144365,0.654,0.028,5723,0.026,0.137,7.3,,,,,,,,,,89.81,220892331,255.573,23.5,4.495,2.78,5034.708,4,423.031,8.35,2.8,36.7,59.607,0.6,67.27,0.557
14612,697,721,312,20,15.857,66.15,3.155,3.264,1.412,0.091,0.072,1.4,,,,,,,,,6391,150756,0.682,0.029,6100,0.028,0.118,8.5,,,,,,,,,,89.81,220892331,255.573,23.5,4.495,2.78,5034.708,4,423.031,8.35,2.8,36.7,59.607,0.6,67.27,0.557
15525,913,778.429,343,31,18.714,70.283,4.133,3.524,1.553,0.14,0.085,1.4,,,,,,,,,6467,157223,0.712,0.029,6488,0.029,0.12,8.3,,,,,,,,,,89.81,220892331,255.573,23.5,4.495,2.78,5034.708,4,423.031,8.35,2.8,36.7,59.607,0.6,67.27,0.557
16817,1292,808.857,385,42,21.143,76.132,5.849,3.662,1.743,0.19,0.096,1.4,,,,,,,,,8688,165911,0.751,0.039,6842,0.031,0.118,8.5,,,,,,,,,,89.81,220892331,255.573,23.5,4.495,2.78,5034.708,4,423.031,8.35,2.8,36.7,59.607,0.6,67.27,0.557
18114,1297,882,417,32,23.429,82.004,5.872,3.993,1.888,0.145,0.106,1.39,,,,,,,,,8249,174160,0.788,0.037,7087,0.032,0.124,8,,,,,,,,,,89.81,220892331,255.573,23.5,4.495,2.78,5034.708,4,423.031,8.35,2.8,36.7,59.607,0.6,67.27,0.557
19103,989,911.429,440,23,24.429,86.481,4.477,4.126,1.992,0.104,0.111,1.38,,,,,,,,,7971,182131,0.825,0.036,7252,0.033,0.126,8,,,,,,,,,,89.81,220892331,255.573,23.5,4.495,2.78,5034.708,4,423.031,8.35,2.8,36.7,59.607,0.6,67.27,0.557
20084,981,965.143,457,17,25.143,90.922,4.441,4.369,2.069,0.077,0.114,1.37,,,,,,,,,11728,193859,0.878,0.053,7959,0.036,0.121,8.2,,,,,,,,,,89.81,220892331,255.573,23.5,4.495,2.78,5034.708,4,423.031,8.35,2.8,36.7,59.607,0.6,67.27,0.557
20941,857,1003.714,476,19,26.286,94.802,3.88,4.544,2.155,0.086,0.119,1.36,,,,,,,,,9166,203025,0.919,0.041,8380,0.038,0.12,8.3,,,,,,,,,,89.81,220892331,255.573,23.5,4.495,2.78,5034.708,4,423.031,8.35,2.8,36.7,59.607,0.6,67.27,0.557
22049,1108,1062.429,514,38,28.857,99.818,5.016,4.81,2.327,0.172,0.131,1.36,,,,,,,,,9486,212511,0.962,0.043,8822,0.04,0.12,8.3,,,,,,,,,,89.81,220892331,255.573,23.5,4.495,2.78,5034.708,4,423.031,8.35,2.8,36.7,59.607,0.6,67.27,0.557
24073,2024,1221.143,564,50,31.571,108.981,9.163,5.528,2.553,0.226,0.143,1.37,,,,,,,,,9893,222404,1.007,0.045,9312,0.042,0.131,7.6,,,,,,,,,,89.81,220892331,255.573,23.5,4.495,2.78,5034.708,4,423.031,8.35,2.8,36.7,59.607,0.6,67.27,0.557
24644,571,1118.143,585,21,28.571,111.566,2.585,5.062,2.648,0.095,0.129,1.35,,,,,,,,,10178,232582,1.053,0.046,9524,0.043,0.117,8.5,,,,,,,,,,89.81,220892331,255.573,23.5,4.495,2.78,5034.708,4,423.031,8.35,2.8,36.7,59.607,0.6,67.27,0.557
26435,1791,1188.714,599,14,26,119.674,8.108,5.381,2.712,0.063,0.118,1.35,,,,,,,,,12196,244778,1.108,0.055,10088,0.046,0.118,8.5,,,,,,,,,,89.81,220892331,255.573,23.5,4.495,2.78,5034.708,4,423.031,8.35,2.8,36.7,59.607,0.6,67.27,0.557
28736,2301,1376.143,636,37,28,130.091,10.417,6.23,2.879,0.168,0.127,1.35,,,,,,,,,12469,257247,1.165,0.056,10731,0.049,0.128,7.8,,,,,,,,,,89.81,220892331,255.573,23.5,4.495,2.78,5034.708,4,423.031,8.35,2.8,36.7,59.607,0.6,67.27,0.557
30334,1598,1464.286,659,23,28.857,137.325,7.234,6.629,2.983,0.104,0.131,1.33,,,,,,,,,12778,270025,1.222,0.058,10881,0.049,0.135,7.4,,,,,,,,,,89.81,220892331,255.573,23.5,4.495,2.78,5034.708,4,423.031,8.35,2.8,36.7,59.607,0.6,67.27,0.557
32081,1747,1591.429,706,47,32.857,145.234,7.909,7.205,3.196,0.213,0.149,1.3,,,,,,,,,13492,283517,1.284,0.061,11499,0.052,0.138,7.2,,,,,,,,,,89.81,220892331,255.573,23.5,4.495,2.78,5034.708,4,423.031,8.35,2.8,36.7,59.607,0.6,67.27,0.557
34336,2255,1755.286,737,31,31.857,155.442,10.209,7.946,3.336,0.14,0.144,1.28,,,,,,,,,11377,294894,1.335,0.052,11769,0.053,0.149,6.7,,,,,,,,,,89.81,220892331,255.573,23.5,4.495,2.78,5034.708,4,423.031,8.35,2.8,36.7,59.607,0.6,67.27,0.557
35298,962,1603.571,761,24,28.143,159.797,4.355,7.26,3.445,0.109,0.127,1.26,,,,,,,,,10957,305851,1.385,0.05,11921,0.054,0.135,7.4,,,,,,,,,,89.81,220892331,255.573,23.5,4.495,2.78,5034.708,4,423.031,8.35,2.8,36.7,59.607,0.6,67.27,0.557
35788,490,1592,770,9,26.429,162.016,2.218,7.207,3.486,0.041,0.12,1.24,,,,,,,,,11848,317699,1.438,0.054,12160,0.055,0.131,7.6,,,,,,,,,,89.81,220892331,255.573,23.5,4.495,2.78,5034.708,4,423.031,8.35,2.8,36.7,59.607,0.6,67.27,0.557
38799,3011,1766.286,834,64,33.571,175.647,13.631,7.996,3.776,0.29,0.152,1.25,,,,,,,,,13051,330750,1.497,0.059,12282,0.056,0.144,7,,,,,,,,,,89.81,220892331,255.573,23.5,4.495,2.78,5034.708,4,423.031,8.35,2.8,36.7,59.607,0.6,67.27,0.557
38799,0,1437.571,834,0,28.286,175.647,0,6.508,3.776,0,0.128,1.23,,,,,,,,,13700,344450,1.559,0.062,12458,0.056,0.115,8.7,,,,,,,,,,89.81,220892331,255.573,23.5,4.495,2.78,5034.708,4,423.031,8.35,2.8,36.7,59.607,0.6,67.27,0.557
40151,1352,1402.429,873,39,30.571,181.767,6.121,6.349,3.952,0.177,0.138,1.23,,,,,,,,,14814,359264,1.626,0.067,12748,0.058,0.11,9.1,,,,,,,,,,78.7,220892331,255.573,23.5,4.495,2.78,5034.708,4,423.031,8.35,2.8,36.7,59.607,0.6,67.27,0.557
42125,1974,1434.857,903,30,28.143,190.704,8.936,6.496,4.088,0.136,0.127,1.24,,,,,,,,,14146,373410,1.69,0.064,12842,0.058,0.112,9,,,,,,,,,,85.19,220892331,255.573,23.5,4.495,2.78,5034.708,4,423.031,8.35,2.8,36.7,59.607,0.6,67.27,0.557
43966,1841,1375.714,939,36,28.857,199.038,8.334,6.228,4.251,0.163,0.131,1.24,,,,,,,,,13925,387335,1.754,0.063,13206,0.06,0.104,9.6,,,,,,,,,,85.19,220892331,255.573,23.5,4.495,2.78,5034.708,4,423.031,8.35,2.8,36.7,59.607,0.6,67.27,0.557
45898,1932,1514.286,985,46,32,207.784,8.746,6.855,4.459,0.208,0.145,1.25,,,,,,,,,12957,400292,1.812,0.059,13492,0.061,0.112,8.9,,,,,,,,,,85.19,220892331,255.573,23.5,4.495,2.78,5034.708,4,423.031,8.35,2.8,36.7,59.607,0.6,67.27,0.557
48091,2193,1757.571,1017,32,35.286,217.712,9.928,7.957,4.604,0.145,0.16,1.25,,,,,,,,,13962,414254,1.875,0.063,13794,0.062,0.127,7.8,,,,,,,,,,85.19,220892331,255.573,23.5,4.495,2.78,5034.708,4,423.031,8.35,2.8,36.7,59.607,0.6,67.27,0.557
50694,2603,1699.286,1067,50,33.286,229.496,11.784,7.693,4.83,0.226,0.151,1.25,,,,,,,,,15346,429600,1.945,0.069,14121,0.064,0.12,8.3,,,,,,,,,,82.41,220892331,255.573,23.5,4.495,2.78,5034.708,4,423.031,8.35,2.8,36.7,59.607,0.6,67.27,0.557
52437,1743,1948.286,1101,34,38.143,237.387,7.891,8.82,4.984,0.154,0.173,1.24,,,,,,,,,16387,445987,2.019,0.074,14505,0.066,0.134,7.4,,,,,,,,,,82.41,220892331,255.573,23.5,4.495,2.78,5034.708,4,423.031,8.35,2.8,36.7,59.607,0.6,67.27,0.557
54601,2164,2064.286,1133,32,37.143,247.184,9.797,9.345,5.129,0.145,0.168,1.24,,,,,,,,,14705,460692,2.086,0.067,14490,0.066,0.142,7,,,,,,,,,,82.41,220892331,255.573,23.5,4.495,2.78,5034.708,4,423.031,8.35,2.8,36.7,59.607,0.6,67.27,0.557
56349,1748,2032,1167,34,37.714,255.097,7.913,9.199,5.283,0.154,0.171,1.23,,,,,,,,,12915,473607,2.144,0.058,14314,0.065,0.142,7,,,,,,,,,,82.41,220892331,255.573,23.5,4.495,2.78,5034.708,4,423.031,8.35,2.8,36.7,59.607,0.6,67.27,0.557
57705,1356,1962.714,1197,30,36.857,261.236,6.139,8.885,5.419,0.136,0.167,1.24,,,,,,,,,10049,483656,2.19,0.045,13760,0.062,0.143,7,,,,,,,,,,82.41,220892331,255.573,23.5,4.495,2.78,5034.708,4,423.031,8.35,2.8,36.7,59.607,0.6,67.27,0.557
59151,1446,1893.286,1225,28,34.286,267.782,6.546,8.571,5.546,0.127,0.155,1.25,,,,,,,,,7252,490908,2.222,0.033,12945,0.059,0.146,6.8,,,,,,,,,,82.41,220892331,255.573,23.5,4.495,2.78,5034.708,4,423.031,8.35,2.8,36.7,59.607,0.6,67.27,0.557
61227,2076,1876.571,1260,35,34.714,277.18,9.398,8.495,5.704,0.158,0.157,1.27,,,,,,,,,8491,499399,2.261,0.038,12164,0.055,0.154,6.5,,,,,,,,,,82.41,220892331,255.573,23.5,4.495,2.78,5034.708,4,423.031,8.35,2.8,36.7,59.607,0.6,67.27,0.557
64028,2801,1904.857,1317,57,35.714,289.861,12.68,8.623,5.962,0.258,0.162,1.29,,,,,,,,,8687,508086,2.3,0.039,11212,0.051,0.17,5.9,,,,,,,,,,82.41,220892331,255.573,23.5,4.495,2.78,5034.708,4,423.031,8.35,2.8,36.7,59.607,0.6,67.27,0.557
66457,2429,2002.857,1395,78,42,300.857,10.996,9.067,6.315,0.353,0.19,1.31,,,,,,,,,11931,520017,2.354,0.054,10576,0.048,0.189,5.3,,,,,,,,,,82.41,220892331,255.573,23.5,4.495,2.78,5034.708,4,423.031,8.35,2.8,36.7,59.607,0.6,67.27,0.557
69496,3039,2127.857,1483,88,50,314.615,13.758,9.633,6.714,0.398,0.226,1.32,,,,,,,,,12020,532037,2.409,0.054,10192,0.046,0.209,4.8,,,,,,,,,,82.41,220892331,255.573,23.5,4.495,2.78,5034.708,4,423.031,8.35,2.8,36.7,59.607,0.6,67.27,0.557
72460,2964,2301.571,1543,60,53.714,328.033,13.418,10.419,6.985,0.272,0.243,1.34,,,,,,,,,14993,547030,2.476,0.068,10489,0.047,0.219,4.6,,,,,,,,,,82.41,220892331,255.573,23.5,4.495,2.78,5034.708,4,423.031,8.35,2.8,36.7,59.607,0.6,67.27,0.557
76398,3938,2670.429,1621,78,60.571,345.861,17.828,12.089,7.338,0.353,0.274,1.35,,,,,,,,,14106,561136,2.54,0.064,11069,0.05,0.241,4.1,,,,,,,,,,82.41,220892331,255.573,23.5,4.495,2.78,5034.708,4,423.031,8.35,2.8,36.7,59.607,0.6,67.27,0.557
80463,4065,3044.571,1688,67,66.143,364.263,18.403,13.783,7.642,0.303,0.299,1.35,,,,,,,,,16838,577974,2.617,0.076,12438,0.056,0.245,4.1,,,,,,,,,,82.41,220892331,255.573,23.5,4.495,2.78,5034.708,4,423.031,8.35,2.8,36.7,59.607,0.6,67.27,0.557
85264,4801,3433.857,1770,82,72.857,385.998,21.735,15.545,8.013,0.371,0.33,1.35,,,,,,,,,17370,595344,2.695,0.079,13706,0.062,0.251,4,,,,,,,,,,82.41,220892331,255.573,23.5,4.495,2.78,5034.708,4,423.031,8.35,2.8,36.7,59.607,0.6,67.27,0.557
89249,3985,3603,1838,68,74.429,404.038,18.04,16.311,8.321,0.308,0.337,1.34,,,,,,,,,20167,615511,2.786,0.091,15346,0.069,0.235,4.3,,,,,,,,,,69.44,220892331,255.573,23.5,4.495,2.78,5034.708,4,423.031,8.35,2.8,36.7,59.607,0.6,67.27,0.557
93983,4734,3932.286,1935,97,77.143,425.47,21.431,17.802,8.76,0.439,0.349,1.33,,,,,,,,,22812,638323,2.89,0.103,16901,0.077,0.233,4.3,,,,,,,,,,69.44,220892331,255.573,23.5,4.495,2.78,5034.708,4,423.031,8.35,2.8,36.7,59.607,0.6,67.27,0.557
98943,4960,4206.714,2002,67,74.143,447.924,22.454,19.044,9.063,0.303,0.336,1.32,,,,,,,,,22185,660508,2.99,0.1,18353,0.083,0.229,4.4,,,,,,,,,,69.44,220892331,255.573,23.5,4.495,2.78,5034.708,4,423.031,8.35,2.8,36.7,59.607,0.6,67.27,0.557
103671,4728,4458.714,2067,65,74.857,469.328,21.404,20.185,9.358,0.294,0.339,1.3,,,,,,,,,23100,683608,3.095,0.105,19511,0.088,0.229,4.4,,,,,,,,,,61.11,220892331,255.573,23.5,4.495,2.78,5034.708,4,423.031,8.35,2.8,36.7,59.607,0.6,67.27,0.557
108317,4646,4559.857,2172,105,78.714,490.361,21.033,20.643,9.833,0.475,0.356,1.29,,,,,,,,,22225,705833,3.195,0.101,20671,0.094,0.221,4.5,,,,,,,,,,61.11,220892331,255.573,23.5,4.495,2.78,5034.708,4,423.031,8.35,2.8,36.7,59.607,0.6,67.27,0.557
113702,5385,4748.429,2255,83,81,514.739,24.378,21.497,10.209,0.376,0.367,1.27,,,,,,,,,24620,730453,3.307,0.111,21783,0.099,0.218,4.6,,,,,,,,,,61.11,220892331,255.573,23.5,4.495,2.78,5034.708,4,423.031,8.35,2.8,36.7,59.607,0.6,67.27,0.557
119536,5834,4896,2356,101,83.714,541.151,26.411,22.165,10.666,0.457,0.379,1.26,,,,,,,,,23799,754252,3.415,0.108,22701,0.103,0.216,4.6,,,,,,,,,,61.11,220892331,255.573,23.5,4.495,2.78,5034.708,4,423.031,8.35,2.8,36.7,59.607,0.6,67.27,0.557
125933,6397,5240.571,2463,107,89.286,570.11,28.96,23.725,11.15,0.484,0.404,1.24,,,,,,,,,26573,780825,3.535,0.12,23616,0.107,0.222,4.5,,,,,,,,,,61.11,220892331,255.573,23.5,4.495,2.78,5034.708,4,423.031,8.35,2.8,36.7,59.607,0.6,67.27,0.557
125933,0,4564.286,2463,0,75.429,570.11,0,20.663,11.15,0,0.341,1.21,,,,,,,,,28344,809169,3.663,0.128,24407,0.11,0.187,5.3,,,,,,,,,,61.11,220892331,255.573,23.5,4.495,2.78,5034.708,4,423.031,8.35,2.8,36.7,59.607,0.6,67.27,0.557
132405,6472,4780.286,2551,88,78.429,599.41,29.299,21.641,11.549,0.398,0.355,1.21,,,,,,,,,29850,839019,3.798,0.135,25502,0.115,0.187,5.3,,,,,,,,,,61.11,220892331,255.573,23.5,4.495,2.78,5034.708,4,423.031,8.35,2.8,36.7,59.607,0.6,67.27,0.557
144478,12073,5829.571,2729,178,94.571,654.065,54.656,26.391,12.354,0.806,0.428,1.21,,,,,,,,,29546,868565,3.932,0.134,26422,0.12,0.221,4.5,,,,,,,,,,61.11,220892331,255.573,23.5,4.495,2.78,5034.708,4,423.031,8.35,2.8,36.7,59.607,0.6,67.27,0.557
148921,4443,5800.571,2839,110,95.286,674.179,20.114,26.26,12.852,0.498,0.431,1.17,,,,,,,,,29085,897650,4.064,0.132,27402,0.124,0.212,4.7,,,,,,,,,,61.11,220892331,255.573,23.5,4.495,2.78,5034.708,4,423.031,8.35,2.8,36.7,59.607,0.6,67.27,0.557
154760,5839,5865.429,2975,136,102.857,700.613,26.434,26.553,13.468,0.616,0.466,1.13,,,,,,,,,25015,922665,4.177,0.113,27459,0.124,0.214,4.7,,,,,,,,,,61.11,220892331,255.573,23.5,4.495,2.78,5034.708,4,423.031,8.35,2.8,36.7,59.607,0.6,67.27,0.557
160118,5358,5797.429,3093,118,105.286,724.869,24.256,26.245,14.002,0.534,0.477,1.1,,,,,,,,,28117,950782,4.304,0.127,28076,0.127,0.206,4.8,,,,,,,,,,61.11,220892331,255.573,23.5,4.495,2.78,5034.708,4,423.031,8.35,2.8,36.7,59.607,0.6,67.27,0.557
165062,4944,5589.857,3229,136,109.429,747.251,22.382,25.306,14.618,0.616,0.495,1.07,,,,,,,,,31230,982012,4.446,0.141,28741,0.13,0.194,5.1,,,,,,,,,,61.11,220892331,255.573,23.5,4.495,2.78,5034.708,4,423.031,8.35,2.8,36.7,59.607,0.6,67.27,0.557
171666,6604,6533.286,3382,153,131.286,777.148,29.897,29.577,15.311,0.693,0.594,1.05,,,,,,,,,29094,1011106,4.577,0.132,28848,0.131,0.226,4.4,,,,,,,,,,61.11,220892331,255.573,23.5,4.495,2.78,5034.708,4,423.031,8.35,2.8,36.7,59.607,0.6,67.27,0.557
176617,4951,6316,3501,119,135.714,799.561,22.414,28.593,15.849,0.539,0.614,1.02,,,,,,,,,31681,1042787,4.721,0.143,29110,0.132,0.217,4.6,,,,,,,,,,58.33,220892331,255.573,23.5,4.495,2.78,5034.708,4,423.031,8.35,2.8,36.7,59.607,0.6,67.27,0.557
181088,4471,5230,3590,89,123,819.802,20.241,23.677,16.252,0.403,0.557,0.99,,,,,,,,,28855,1071642,4.851,0.131,29011,0.131,0.18,5.5,,,,,,,,,,58.33,220892331,255.573,23.5,4.495,2.78,5034.708,4,423.031,8.35,2.8,36.7,59.607,0.6,67.27,0.557
185034,3946,5159,3695,105,122.286,837.666,17.864,23.355,16.728,0.475,0.554,0.96,,,,,,,,,30520,1102162,4.99,0.138,29216,0.132,0.177,5.7,,,,,,,,,,60.19,220892331,255.573,23.5,4.495,2.78,5034.708,4,423.031,8.35,2.8,36.7,59.607,0.6,67.27,0.557
188926,3892,4880.857,3755,60,111.429,855.285,17.619,22.096,16.999,0.272,0.504,0.94,,,,,,,,,24599,1126761,5.101,0.111,29157,0.132,0.167,6,,,,,,,,,,60.19,220892331,255.573,23.5,4.495,2.78,5034.708,4,423.031,8.35,2.8,36.7,59.607,0.6,67.27,0.557
192970,4044,4693.143,3903,148,115.714,873.593,18.308,21.246,17.669,0.67,0.524,0.93,,,,,,,,,23380,1150141,5.207,0.106,28480,0.129,0.165,6.1,,,,,,,,,,60.19,220892331,255.573,23.5,4.495,2.78,5034.708,4,423.031,8.35,2.8,36.7,59.607,0.6,67.27,0.557
195745,2775,4383.286,3962,59,104.714,886.156,12.563,19.844,17.936,0.267,0.474,0.91,,,,,,,,,21835,1171976,5.306,0.099,27138,0.123,0.162,6.2,,,,,,,,,,60.19,220892331,255.573,23.5,4.495,2.78,5034.708,4,423.031,8.35,2.8,36.7,59.607,0.6,67.27,0.557
198883,3138,3888.143,4035,73,93.286,900.362,14.206,17.602,18.267,0.33,0.422,0.9,,,,,,,,,21041,1193017,5.401,0.095,25987,0.118,0.15,6.7,,,,,,,,,,60.19,220892331,255.573,23.5,4.495,2.78,5034.708,4,423.031,8.35,2.8,36.7,59.607,0.6,67.27,0.557
202955,4072,3762.571,4118,83,88.143,918.796,18.434,17.034,18.643,0.376,0.399,0.9,,,,,,,,,21123,1214140,5.497,0.096,24479,0.111,0.154,6.5,,,,,,,,,,60.19,220892331,255.573,23.5,4.495,2.78,5034.708,4,423.031,8.35,2.8,36.7,59.607,0.6,67.27,0.557
206512,3557,3632,4167,49,82.429,934.899,16.103,16.442,18.864,0.222,0.373,0.89,,,,,,,,,25013,1239153,5.61,0.113,23930,0.108,0.152,6.6,,,,,,,,,,60.19,220892331,255.573,23.5,4.495,2.78,5034.708,4,423.031,8.35,2.8,36.7,59.607,0.6,67.27,0.557
209337,2825,3471.857,4304,137,87,947.688,12.789,15.717,19.485,0.62,0.394,0.89,,,,,,,,,23009,1262162,5.714,0.104,22857,0.103,0.152,6.6,,,,,,,,,,60.19,220892331,255.573,23.5,4.495,2.78,5034.708,4,423.031,8.35,2.8,36.7,59.607,0.6,67.27,0.557
213470,4133,3506.286,4395,91,91.429,966.398,18.71,15.873,19.897,0.412,0.414,0.89,,,,,,,,,20930,1283092,5.809,0.095,22333,0.101,0.157,6.4,,,,,,,,,,60.19,220892331,255.573,23.5,4.495,2.78,5034.708,4,423.031,8.35,2.8,36.7,59.607,0.6,67.27,0.557
217809,4339,3548.429,4473,78,81.429,986.041,19.643,16.064,20.25,0.353,0.369,0.88,,,,,,,,,22418,1305510,5.91,0.101,22196,0.1,0.16,6.3,,,,,,,,,,60.19,220892331,255.573,23.5,4.495,2.78,5034.708,4,423.031,8.35,2.8,36.7,59.607,0.6,67.27,0.557
221896,4087,3735.857,4551,78,84.143,1004.544,18.502,16.913,20.603,0.353,0.381,0.87,,,,,,,,,22128,1327638,6.01,0.1,22237,0.101,0.168,6,,,,,,,,,,66.67,220892331,255.573,23.5,4.495,2.78,5034.708,4,423.031,8.35,2.8,36.7,59.607,0.6,67.27,0.557
221896,0,3287.571,4551,0,73.714,1004.544,0,14.883,20.603,0,0.334,0.86,,,,,,,,,23135,1350773,6.115,0.105,22537,0.102,0.146,6.9,,,,,,,,,,66.67,220892331,255.573,23.5,4.495,2.78,5034.708,4,423.031,8.35,2.8,36.7,59.607,0.6,67.27,0.557
225283,3387,3189.714,4619,68,71.571,1019.877,15.333,14.44,20.911,0.308,0.324,0.87,,,,,,,,,22052,1372825,6.215,0.1,22669,0.103,0.141,7.1,,,,,,,,,,66.67,220892331,255.573,23.5,4.495,2.78,5034.708,4,423.031,8.35,2.8,36.7,59.607,0.6,67.27,0.557
231818,6535,3615.143,4762,143,85,1049.462,29.585,16.366,21.558,0.647,0.385,0.87,,,,,,,,,25527,1398352,6.33,0.116,22743,0.103,0.159,6.3,,,,,,,,,,66.67,220892331,255.573,23.5,4.495,2.78,5034.708,4,423.031,8.35,2.8,36.7,59.607,0.6,67.27,0.557
234509,2691,3596,4839,77,76.429,1061.644,12.182,16.279,21.907,0.349,0.346,0.86,,,,,,,,,22271,1420623,6.431,0.101,22637,0.102,0.159,6.3,,,,,,,,,,66.67,220892331,255.573,23.5,4.495,2.78,5034.708,4,423.031,8.35,2.8,36.7,59.607,0.6,67.27,0.557
237489,2980,3431.286,4922,83,75.286,1075.135,13.491,15.534,22.282,0.376,0.341,0.84,,,,,,,,,24530,1445153,6.542,0.111,23152,0.105,0.148,6.7,,,,,,,,,,66.67,220892331,255.573,23.5,4.495,2.78,5034.708,4,423.031,8.35,2.8,36.7,59.607,0.6,67.27,0.557
240848,3359,3291.286,4983,61,72.857,1090.341,15.207,14.9,22.559,0.276,0.33,0.83,,,,,,,,,21951,1467104,6.642,0.099,23085,0.105,0.143,7,,,,,,,,,,66.67,220892331,255.573,23.5,4.495,2.78,5034.708,4,423.031,8.35,2.8,36.7,59.607,0.6,67.27,0.557
243599,2751,3100.429,5058,75,72.429,1102.795,12.454,14.036,22.898,0.34,0.328,0.82,,,,,,,,,24333,1491437,6.752,0.11,23400,0.106,0.132,7.5,,,,,,,,,,66.67,220892331,255.573,23.5,4.495,2.78,5034.708,4,423.031,8.35,2.8,36.7,59.607,0.6,67.27,0.557
246351,2752,3493.571,5123,65,81.714,1115.254,12.459,15.816,23.192,0.294,0.37,0.81,,,,,,,,,23421,1514858,6.858,0.106,23441,0.106,0.149,6.7,,,,,,,,,,66.67,220892331,255.573,23.5,4.495,2.78,5034.708,4,423.031,8.35,2.8,36.7,59.607,0.6,67.27,0.557
248872,2521,3369.857,5197,74,82.571,1126.667,11.413,15.256,23.527,0.335,0.374,0.79,,,,,,,,,23569,1538427,6.965,0.107,23657,0.107,0.142,7,,,,,,,,,,66.67,220892331,255.573,23.5,4.495,2.78,5034.708,4,423.031,8.35,2.8,36.7,59.607,0.6,67.27,0.557
251625,2753,2829.571,5266,69,72,1139.13,12.463,12.81,23.84,0.312,0.326,0.78,,,,,,,,,24211,1562638,7.074,0.11,23469,0.106,0.121,8.3,,,,,,,,,,66.67,220892331,255.573,23.5,4.495,2.78,5034.708,4,423.031,8.35,2.8,36.7,59.607,0.6,67.27,0.557
253604,1979,2727.857,5320,54,68.714,1148.089,8.959,12.349,24.084,0.244,0.311,0.77,,,,,,,,,22532,1585170,7.176,0.102,23507,0.106,0.116,8.6,,,,,,,,,,66.67,220892331,255.573,23.5,4.495,2.78,5034.708,4,423.031,8.35,2.8,36.7,59.607,0.6,67.27,0.557
255769,2165,2611.429,5386,66,66.286,1157.89,9.801,11.822,24.383,0.299,0.3,0.76,,,,,,,,,21020,1606190,7.271,0.095,23005,0.104,0.114,8.8,,,,,,,,,,66.67,220892331,255.573,23.5,4.495,2.78,5034.708,4,423.031,8.35,2.8,36.7,59.607,0.6,67.27,0.557
257914,2145,2438,5426,40,63.286,1167.601,9.711,11.037,24.564,0.181,0.287,0.75,,,,,,,,,21749,1627939,7.37,0.098,22976,0.104,0.106,9.4,,,,,,,,,,66.67,220892331,255.573,23.5,4.495,2.78,5034.708,4,423.031,8.35,2.8,36.7,59.607,0.6,67.27,0.557
257914,0,2045,5426,0,52.571,1167.601,0,9.258,24.564,0,0.238,0.74,,,,,,,,,24244,1652183,7.48,0.11,22964,0.104,0.089,11.2,,,,,,,,,,66.67,220892331,255.573,23.5,4.495,2.78,5034.708,4,423.031,8.35,2.8,36.7,59.607,0.6,67.27,0.557
261917,4003,2223.714,5522,96,57,1185.722,18.122,10.067,24.999,0.435,0.258,0.74,,,,,,,,,23907,1676090,7.588,0.108,23033,0.104,0.097,10.4,,,,,,,,,,66.67,220892331,255.573,23.5,4.495,2.78,5034.708,4,423.031,8.35,2.8,36.7,59.607,0.6,67.27,0.557
263496,1579,2089.143,5568,46,53,1192.871,7.148,9.458,25.207,0.208,0.24,0.73,,,,,,,,,23011,1699101,7.692,0.104,22953,0.104,0.091,11,,,,,,,,,,66.67,220892331,255.573,23.5,4.495,2.78,5034.708,4,423.031,8.35,2.8,36.7,59.607,0.6,67.27,0.557
265083,1587,1922.571,5599,31,47.571,1200.055,7.184,8.704,25.347,0.14,0.215,0.72,,,,,,,,,22559,1721660,7.794,0.102,22717,0.103,0.085,11.8,,,,,,,,,,66.67,220892331,255.573,23.5,4.495,2.78,5034.708,4,423.031,8.35,2.8,36.7,59.607,0.6,67.27,0.557
266096,1013,1784.571,5639,40,45.571,1204.641,4.586,8.079,25.528,0.181,0.206,0.71,,,,,,,,,19108,1740768,7.881,0.087,22228,0.101,0.08,12.5,,,,,,,,,,66.67,220892331,255.573,23.5,4.495,2.78,5034.708,4,423.031,8.35,2.8,36.7,59.607,0.6,67.27,0.557
267428,1332,1665.571,5677,38,41.571,1210.671,6.03,7.54,25.7,0.172,0.188,0.7,,,,,,,,,17783,1758551,7.961,0.081,21766,0.099,0.077,13.1,,,,,,,,,,66.67,220892331,255.573,23.5,4.495,2.78,5034.708,4,423.031,8.35,2.8,36.7,59.607,0.6,67.27,0.557
269191,1763,1611,5709,32,40.429,1218.653,7.981,7.293,25.845,0.145,0.183,0.7,,,,,,,,,18331,1776882,8.044,0.083,21278,0.096,0.076,13.2,,,,,,,,,,66.67,220892331,255.573,23.5,4.495,2.78,5034.708,4,423.031,8.35,2.8,36.7,59.607,0.6,67.27,0.557
270400,1209,1783.714,5763,54,48.143,1224.126,5.473,8.075,26.09,0.244,0.218,0.7,,,,,,,,,22408,1799290,8.146,0.101,21015,0.095,0.085,11.8,,,,,,,,,,66.67,220892331,255.573,23.5,4.495,2.78,5034.708,4,423.031,8.35,2.8,36.7,59.607,0.6,67.27,0.557
271887,1487,1424.286,5787,24,37.857,1230.858,6.732,6.448,26.198,0.109,0.171,0.69,,,,,,,,,22006,1821296,8.245,0.1,20744,0.094,0.069,14.6,,,,,,,,,,66.67,220892331,255.573,23.5,4.495,2.78,5034.708,4,423.031,8.35,2.8,36.7,59.607,0.6,67.27,0.557
273113,1226,1373.857,5822,35,36.286,1236.408,5.55,6.22,26.357,0.158,0.164,0.68,,,,,,,,,23630,1844926,8.352,0.107,20832,0.094,0.066,15.2,,,,,,,,,,66.67,220892331,255.573,23.5,4.495,2.78,5034.708,4,423.031,8.35,2.8,36.7,59.607,0.6,67.27,0.557
273113,0,1147.143,5822,0,31.857,1236.408,0,5.193,26.357,0,0.144,0.68,,,,,,,,,23254,1868180,8.457,0.105,20931,0.095,0.055,18.2,,,,,,,,,,66.67,220892331,255.573,23.5,4.495,2.78,5034.708,4,423.031,8.35,2.8,36.7,59.607,0.6,67.27,0.557
274289,1176,1170.429,5842,20,29,1241.732,5.324,5.299,26.447,0.091,0.131,0.68,,,,,,,,,41666,1909846,8.646,0.189,24154,0.109,0.048,20.6,,,,,,,,,,66.67,220892331,255.573,23.5,4.495,2.78,5034.708,4,423.031,8.35,2.8,36.7,59.607,0.6,67.27,0.557
275225,936,1113.857,5865,23,26.857,1245.969,4.237,5.043,26.551,0.104,0.122,0.69,,,,,,,,,21256,1931102,8.742,0.096,24650,0.112,0.045,22.1,,,,,,,,,,66.67,220892331,255.573,23.5,4.495,2.78,5034.708,4,423.031,8.35,2.8,36.7,59.607,0.6,67.27,0.557
276288,1063,1013.857,5892,27,26.143,1250.781,4.812,4.59,26.674,0.122,0.118,0.69,,,,,,,,,21628,1952730,8.84,0.098,25121,0.114,0.04,24.8,,,,,,,,,,66.67,220892331,255.573,23.5,4.495,2.78,5034.708,4,423.031,8.35,2.8,36.7,59.607,0.6,67.27,0.557
277402,1114,1000.286,5924,32,23,1255.824,5.043,4.528,26.818,0.145,0.104,0.7,,,,,,,,,20507,1973237,8.933,0.093,24850,0.112,0.04,24.8,,,,,,,,,,66.67,220892331,255.573,23.5,4.495,2.78,5034.708,4,423.031,8.35,2.8,36.7,59.607,0.6,67.27,0.557
278305,903,916.857,5951,27,23.429,1259.912,4.088,4.151,26.941,0.122,0.106,0.7,,,,,,,,,,,,,24344,0.11,0.038,26.6,,,,,,,,,,66.67,220892331,255.573,23.5,4.495,2.78,5034.708,4,423.031,8.35,2.8,36.7,59.607,0.6,67.27,0.557
278305,0,741.714,5951,0,18.429,1259.912,0,3.358,26.941,0,0.083,0.7,,,,,,,,,,2010170,9.1,,23606,0.107,0.031,31.8,,,,,,,,,,66.67,220892331,255.573,23.5,4.495,2.78,5034.708,4,423.031,8.35,2.8,36.7,59.607,0.6,67.27,0.557
279699,1394,940.857,5976,25,22,1266.223,6.311,4.259,27.054,0.113,0.1,0.71,,,,,,,,,11026,2021196,9.15,0.05,21859,0.099,0.043,23.2,,,,,,,,,,66.67,220892331,255.573,23.5,4.495,2.78,5034.708,4,423.031,8.35,2.8,36.7,59.607,0.6,67.27,0.557
280461,762,881.714,5999,23,22.429,1269.673,3.45,3.992,27.158,0.104,0.102,0.72,,,,,,,,,10759,2031955,9.199,0.049,17444,0.079,0.051,19.8,,,,,,,,,,66.67,220892331,255.573,23.5,4.495,2.78,5034.708,4,423.031,8.35,2.8,36.7,59.607,0.6,67.27,0.557
280461,0,748,5999,0,19.143,1269.673,0,3.386,27.158,0,0.087,0.72,,,,,,,,,11915,2043870,9.253,0.054,16110,0.073,0.046,21.5,,,,,,,,,,66.67,220892331,255.573,23.5,4.495,2.78,5034.708,4,423.031,8.35,2.8,36.7,59.607,0.6,67.27,0.557
281136,675,692.571,6014,15,17.429,1272.729,3.056,3.135,27.226,0.068,0.079,0.74,,,,,,,,,,,,,14092,0.064,0.049,20.3,,,,,,,,,,66.67,220892331,255.573,23.5,4.495,2.78,5034.708,4,423.031,8.35,2.8,36.7,59.607,0.6,67.27,0.557
281863,727,637.286,6035,21,15.857,1276.02,3.291,2.885,27.321,0.095,0.072,0.75,,,,,,,,,,2058872,9.321,,12234,0.055,0.052,19.2,,,,,,,,,,66.67,220892331,255.573,23.5,4.495,2.78,5034.708,4,423.031,8.35,2.8,36.7,59.607,0.6,67.27,0.557
282645,782,620,6052,17,14.429,1279.56,3.54,2.807,27.398,0.077,0.065,0.77,,,,,,,,,20461,2079333,9.413,0.093,12518,0.057,0.05,20.2,,,,,,,,,,66.67,220892331,255.573,23.5,4.495,2.78,5034.708,4,423.031,8.35,2.8,36.7,59.607,0.6,67.27,0.557
283487,842,740.286,6068,16,16.714,1283.372,3.812,3.351,27.47,0.072,0.076,0.78,,,,,,,,,24366,2103699,9.524,0.11,13361,0.06,0.055,18,,,,,,,,,,66.67,220892331,255.573,23.5,4.495,2.78,5034.708,4,423.031,8.35,2.8,36.7,59.607,0.6,67.27,0.557
284121,634,631.714,6082,14,15.143,1286.242,2.87,2.86,27.534,0.063,0.069,0.79,,,,,,,,,23390,2127089,9.63,0.106,15128,0.068,0.042,23.9,,,,,,,,,,66.67,220892331,255.573,23.5,4.495,2.78,5034.708,4,423.031,8.35,2.8,36.7,59.607,0.6,67.27,0.557
284660,539,599.857,6097,15,14,1288.682,2.44,2.716,27.602,0.068,0.063,0.8,,,,,,,,,20495,2147584,9.722,0.093,16518,0.075,0.036,27.5,,,,,,,,,,47.69,220892331,255.573,23.5,4.495,2.78,5034.708,4,423.031,8.35,2.8,36.7,59.607,0.6,67.27,0.557
285191,531,675.714,6112,15,16.143,1291.086,2.404,3.059,27.67,0.068,0.073,0.81,,,,,,,,,18227,2165811,9.805,0.083,17420,0.079,0.039,25.8,,,,,,,,,,47.69,220892331,255.573,23.5,4.495,2.78,5034.708,4,423.031,8.35,2.8,36.7,59.607,0.6,67.27,0.557
285921,730,683.571,6129,17,16.429,1294.391,3.305,3.095,27.747,0.077,0.074,0.82,,,,,,,,,20631,2186442,9.898,0.093,19296,0.087,0.035,28.2,,,,,,,,,,47.69,220892331,255.573,23.5,4.495,2.78,5034.708,4,423.031,8.35,2.8,36.7,59.607,0.6,67.27,0.557
286674,753,687.286,6139,10,14.857,1297.8,3.409,3.111,27.792,0.045,0.067,0.83,,,,,,,,,19222,2205664,9.985,0.087,20970,0.095,0.033,30.5,,,,,,,,,,47.69,220892331,255.573,23.5,4.495,2.78,5034.708,4,423.031,8.35,2.8,36.7,59.607,0.6,67.27,0.557
287300,626,665,6153,14,14.429,1300.634,2.834,3.011,27.855,0.063,0.065,0.84,,,,,,,,,23745,2229409,10.093,0.107,21439,0.097,0.031,32.2,,,,,,,,,,47.69,220892331,255.573,23.5,4.495,2.78,5034.708,4,423.031,8.35,2.8,36.7,59.607,0.6,67.27,0.557
288047,747,651.429,6162,9,13.429,1304.015,3.382,2.949,27.896,0.041,0.061,0.85,,,,,,,,,23722,2253131,10.2,0.107,21347,0.097,0.031,32.8,,,,,,,,,,47.69,220892331,255.573,23.5,4.495,2.78,5034.708,4,423.031,8.35,2.8,36.7,59.607,0.6,67.27,0.557
289215,1168,727.714,6175,13,13.286,1309.303,5.288,3.294,27.955,0.059,0.06,0.85,,,,,,,,,24022,2277153,10.309,0.109,21438,0.097,0.034,29.5,,,,,,,,,,47.69,220892331,255.573,23.5,4.495,2.78,5034.708,4,423.031,8.35,2.8,36.7,59.607,0.6,67.27,0.557
289215,0,650.714,6175,0,11.143,1309.303,0,2.946,27.955,0,0.05,0.84,,,,,,,,,22448,2299601,10.411,0.102,21717,0.098,0.03,33.4,,,,,,,,,,47.69,220892331,255.573,23.5,4.495,2.78,5034.708,4,423.031,8.35,2.8,36.7,59.607,0.6,67.27,0.557
289832,617,663,6190,15,11.143,1312.096,2.793,3.001,28.023,0.068,0.05,0.85,,,,,,,,,17612,2317213,10.49,0.08,21629,0.098,0.031,32.6,,,,,,,,,,47.69,220892331,255.573,23.5,4.495,2.78,5034.708,4,423.031,8.35,2.8,36.7,59.607,0.6,67.27,0.557
290445,613,646.286,6201,11,10.286,1314.871,2.775,2.926,28.073,0.05,0.047,0.85,,,,,,,,,22859,2340072,10.594,0.103,21947,0.099,0.029,34,,,,,,,,,,47.69,220892331,255.573,23.5,4.495,2.78,5034.708,4,423.031,8.35,2.8,36.7,59.607,0.6,67.27,0.557
290958,513,612,6209,8,10,1317.194,2.322,2.771,28.109,0.036,0.045,0.86,,,,,,,,,23680,2363752,10.701,0.107,22584,0.102,0.027,36.9,,,,,,,,,,47.69,220892331,255.573,23.5,4.495,2.78,5034.708,4,423.031,8.35,2.8,36.7,59.607,0.6,67.27,0.557
291588,630,612.571,6219,10,9.429,1320.046,2.852,2.773,28.154,0.045,0.043,0.86,,,,,,,,,25613,2389365,10.817,0.116,22851,0.103,0.027,37.3,,,,,,,,,,47.69,220892331,255.573,23.5,4.495,2.78,5034.708,4,423.031,8.35,2.8,36.7,59.607,0.6,67.27,0.557
292174,586,589.571,6231,12,9.857,1322.699,2.653,2.669,28.208,0.054,0.045,0.86,,,,,,,,,25537,2414902,10.932,0.116,23110,0.105,0.026,39.2,,,,,,,,,,47.69,220892331,255.573,23.5,4.495,2.78,5034.708,4,423.031,8.35,2.8,36.7,59.607,0.6,67.27,0.557
293261,1087,578,6244,13,9.857,1327.62,4.921,2.617,28.267,0.059,0.045,0.86,,,,,,,,,24956,2439858,11.045,0.113,23244,0.105,0.025,40.2,,,,,,,,,,47.69,220892331,255.573,23.5,4.495,2.78,5034.708,4,423.031,8.35,2.8,36.7,59.607,0.6,67.27,0.557
293261,0,578,6244,0,9.857,1327.62,0,2.617,28.267,0,0.045,0.85,,,,,,,,,23655,2463513,11.153,0.107,23416,0.106,0.025,40.5,,,,,,,,,,47.69,220892331,255.573,23.5,4.495,2.78,5034.708,4,423.031,8.35,2.8,36.7,59.607,0.6,67.27,0.557
293711,450,554.143,6255,11,9.286,1329.657,2.037,2.509,28.317,0.05,0.042,0.85,,,,,,,,,24231,2487744,11.262,0.11,24362,0.11,0.023,44,,,,,,,,,,47.69,220892331,255.573,23.5,4.495,2.78,5034.708,4,423.031,8.35,2.8,36.7,59.607,0.6,67.27,0.557
294193,482,535.429,6267,12,9.429,1331.839,2.182,2.424,28.371,0.054,0.043,0.85,,,,,,,,,24593,2512337,11.374,0.111,24609,0.111,0.022,46,,,,,,,,,,47.69,220892331,255.573,23.5,4.495,2.78,5034.708,4,423.031,8.35,2.8,36.7,59.607,0.6,67.27,0.557
294638,445,525.714,6274,7,9.286,1333.853,2.015,2.38,28.403,0.032,0.042,0.86,,,,,,,,,23441,2535778,11.48,0.106,24575,0.111,0.021,46.7,,,,,,,,,,47.69,220892331,255.573,23.5,4.495,2.78,5034.708,4,423.031,8.35,2.8,36.7,59.607,0.6,67.27,0.557
295053,415,495,6283,9,9.143,1335.732,1.879,2.241,28.444,0.041,0.041,0.86,,,,,,,,,23483,2559261,11.586,0.106,24271,0.11,0.02,49,,,,,,,,,,47.69,220892331,255.573,23.5,4.495,2.78,5034.708,4,423.031,8.35,2.8,36.7,59.607,0.6,67.27,0.557
295372,319,456.857,6284,1,7.571,1337.176,1.444,2.068,28.448,0.005,0.034,0.87,,,,,,,,,22434,2581695,11.688,0.102,23828,0.108,0.019,52.2,,,,,,,,,,47.69,220892331,255.573,23.5,4.495,2.78,5034.708,4,423.031,8.35,2.8,36.7,59.607,0.6,67.27,0.557
295636,264,339.286,6288,4,6.286,1338.371,1.195,1.536,28.466,0.018,0.028,0.88,,,,,,,,,21434,2603129,11.785,0.097,23324,0.106,0.015,68.7,,,,,,,,,,47.69,220892331,255.573,23.5,4.495,2.78,5034.708,4,423.031,8.35,2.8,36.7,59.607,0.6,67.27,0.557
295849,213,369.714,6294,6,7.143,1339.336,0.964,1.674,28.494,0.027,0.032,0.9,,,,,,,,,18017,2621146,11.866,0.082,22519,0.102,0.016,60.9,,,,,,,,,,47.69,220892331,255.573,23.5,4.495,2.78,5034.708,4,423.031,8.35,2.8,36.7,59.607,0.6,67.27,0.557
296149,300,348.286,6298,4,6.143,1340.694,1.358,1.577,28.512,0.018,0.028,0.92,,,,,,,,,20922,2642068,11.961,0.095,22046,0.1,0.016,63.3,,,,,,,,,,47.69,220892331,255.573,23.5,4.495,2.78,5034.708,4,423.031,8.35,2.8,36.7,59.607,0.6,67.27,0.557
297014,865,403,6328,30,8.714,1344.61,3.916,1.824,28.647,0.136,0.039,0.95,,,,,,,,,20440,2662508,12.053,0.093,21453,0.097,0.019,53.2,,,,,,,,,,47.69,220892331,255.573,23.5,4.495,2.78,5034.708,4,423.031,8.35,2.8,36.7,59.607,0.6,67.27,0.557
297512,498,410.571,6335,7,8.714,1346.864,2.254,1.859,28.679,0.032,0.039,0.96,,,,,,,,,21744,2684252,12.152,0.098,21211,0.096,0.019,51.7,,,,,,,,,,47.69,220892331,255.573,23.5,4.495,2.78,5034.708,4,423.031,8.35,2.8,36.7,59.607,0.6,67.27,0.557
298025,513,424.571,6340,5,8.143,1349.187,2.322,1.922,28.702,0.023,0.037,0.97,,,,,,,,,23218,2707470,12.257,0.105,21173,0.096,0.02,49.9,,,,,,,,,,47.69,220892331,255.573,23.5,4.495,2.78,5034.708,4,423.031,8.35,2.8,36.7,59.607,0.6,67.27,0.557
298025,0,379,6340,0,8,1349.187,0,1.716,28.702,0,0.036,0.97,,,,,,,,,24855,2732325,12.369,0.113,21519,0.097,0.018,56.8,,,,,,,,,,47.69,220892331,255.573,23.5,4.495,2.78,5034.708,4,423.031,8.35,2.8,36.7,59.607,0.6,67.27,0.557
298903,878,466.714,6345,5,8.143,1353.162,3.975,2.113,28.724,0.023,0.037,1,,,,,,,,,25384,2757709,12.484,0.115,22083,0.1,0.021,47.3,,,,,,,,,,47.69,220892331,255.573,23.5,4.495,2.78,5034.708,4,423.031,8.35,2.8,36.7,59.607,0.6,67.27,0.557
299233,330,483.429,6350,5,8,1354.655,1.494,2.189,28.747,0.023,0.036,1,,,,,,,,,20980,2778689,12.579,0.095,22506,0.102,0.021,46.6,,,,,,,,,,47.69,220892331,255.573,23.5,4.495,2.78,5034.708,4,423.031,8.35,2.8,36.7,59.607,0.6,67.27,0.557
299659,426,501.429,6359,9,8.714,1356.584,1.929,2.27,28.788,0.041,0.039,1.01,,,,,,,,,23521,2802210,12.686,0.106,22877,0.104,0.022,45.6,,,,,,,,,,47.69,220892331,255.573,23.5,4.495,2.78,5034.708,4,423.031,8.35,2.8,36.7,59.607,0.6,67.27,0.557
300030,371,430.857,6365,6,5.286,1358.264,1.68,1.951,28.815,0.027,0.024,1.02,,,,,,,,,22830,2825040,12.789,0.103,23219,0.105,0.019,53.9,,,,,,,,,,47.69,220892331,255.573,23.5,4.495,2.78,5034.708,4,423.031,8.35,2.8,36.7,59.607,0.6,67.27,0.557
300371,341,408.429,6370,5,5,1359.807,1.544,1.849,28.838,0.023,0.023,1.03,,,,,,,,,25081,2850121,12.903,0.114,23696,0.107,0.017,58,,,,,,,,,,47.69,220892331,255.573,23.5,4.495,2.78,5034.708,4,423.031,8.35,2.8,36.7,59.607,0.6,67.27,0.557
300955,584,418.571,6373,3,4.714,1362.451,2.644,1.895,28.851,0.014,0.021,1.05,,,,,,,,,29534,2879655,13.036,0.134,24598,0.111,0.017,58.8,,,,,,,,,,47.69,220892331,255.573,23.5,4.495,2.78,5034.708,4,423.031,8.35,2.8,36.7,59.607,0.6,67.27,0.557
301481,526,493.714,6379,6,5.571,1364.832,2.381,2.235,28.878,0.027,0.025,1.06,,,,,,,,,28724,2908379,13.167,0.13,25151,0.114,0.02,50.9,,,,,,,,,,47.69,220892331,255.573,23.5,4.495,2.78,5034.708,4,423.031,8.35,2.8,36.7,59.607,0.6,67.27,0.557
302020,539,445.286,6383,4,5.429,1367.272,2.44,2.016,28.896,0.018,0.025,1.07,,,,,,,,,31411,2939790,13.309,0.142,26012,0.118,0.017,58.4,,,,,,,,,,47.69,220892331,255.573,23.5,4.495,2.78,5034.708,4,423.031,8.35,2.8,36.7,59.607,0.6,67.27,0.557
302424,404,455.857,6389,6,5.571,1369.101,1.829,2.064,28.924,0.027,0.025,1.08,,,,,,,,,28823,2968613,13.439,0.13,27132,0.123,0.017,59.5,,,,,,,,,,47.69,220892331,255.573,23.5,4.495,2.78,5034.708,4,423.031,8.35,2.8,36.7,59.607,0.6,67.27,0.557
303089,665,490,6393,4,4.857,1372.112,3.011,2.218,28.942,0.018,0.022,1.09,,,,,,,,,27277,2995890,13.563,0.123,27669,0.125,0.018,56.5,,,,,,,,,,43.98,220892331,255.573,23.5,4.495,2.78,5034.708,4,423.031,8.35,2.8,36.7,59.607,0.6,67.27,0.557
303634,545,514.857,6399,6,4.857,1374.579,2.467,2.331,28.969,0.027,0.022,1.1,,,,,,,,,29097,3024987,13.694,0.132,28564,0.129,0.018,55.5,,,,,,,,,,43.98,220892331,255.573,23.5,4.495,2.78,5034.708,4,423.031,8.35,2.8,36.7,59.607,0.6,67.27,0.557
304386,752,573.571,6408,9,5.429,1377.984,3.404,2.597,29.01,0.041,0.025,1.11,,,,,,,,,31808,3056795,13.838,0.144,29525,0.134,0.019,51.5,,,,,,,,,,41.2,220892331,255.573,23.5,4.495,2.78,5034.708,4,423.031,8.35,2.8,36.7,59.607,0.6,67.27,0.557
305031,645,582.286,6415,7,6,1380.904,2.92,2.636,29.041,0.032,0.027,1.1,,,,,,,,,33865,3090660,13.992,0.153,30144,0.136,0.019,51.8,,,,,,,,,,41.2,220892331,255.573,23.5,4.495,2.78,5034.708,4,423.031,8.35,2.8,36.7,59.607,0.6,67.27,0.557
305671,640,598.571,6416,1,5.286,1383.801,2.897,2.71,29.046,0.005,0.024,1.1,,,,,,,,,35720,3126380,14.153,0.162,31143,0.141,0.019,52,,,,,,,,,,41.2,220892331,255.573,23.5,4.495,2.78,5034.708,4,423.031,8.35,2.8,36.7,59.607,0.6,67.27,0.557
306304,633,612,6420,4,5.286,1386.667,2.866,2.771,29.064,0.018,0.024,1.1,,,,,,,,,34544,3160924,14.31,0.156,31591,0.143,0.019,51.6,,,,,,,,,,41.2,220892331,255.573,23.5,4.495,2.78,5034.708,4,423.031,8.35,2.8,36.7,59.607,0.6,67.27,0.557
306886,582,637.429,6424,4,5,1389.301,2.635,2.886,29.082,0.018,0.023,1.09,,,,,,,,,33393,3194317,14.461,0.151,32243,0.146,0.02,50.6,,,,,,,,,,41.2,220892331,255.573,23.5,4.495,2.78,5034.708,4,423.031,8.35,2.8,36.7,59.607,0.6,67.27,0.557
307418,532,618.429,6432,8,5.571,1391.71,2.408,2.8,29.118,0.036,0.025,1.09,,,,,,,,,36155,3230472,14.625,0.164,33512,0.152,0.018,54.2,,,,,,,,,,41.2,220892331,255.573,23.5,4.495,2.78,5034.708,4,423.031,8.35,2.8,36.7,59.607,0.6,67.27,0.557
308217,799,654.714,6437,5,5.429,1395.327,3.617,2.964,29.141,0.023,0.025,1.09,,,,,,,,,33744,3264216,14.777,0.153,34176,0.155,0.019,52.2,,,,,,,,,,41.2,220892331,255.573,23.5,4.495,2.78,5034.708,4,423.031,8.35,2.8,36.7,59.607,0.6,67.27,0.557
309015,798,661.286,6444,7,5.143,1398.939,3.613,2.994,29.173,0.032,0.023,1.08,,,,,,,,,42299,3306515,14.969,0.191,35674,0.161,0.019,53.9,,,,,,,,,,41.2,220892331,255.573,23.5,4.495,2.78,5034.708,4,423.031,8.35,2.8,36.7,59.607,0.6,67.27,0.557
309581,566,650,6451,7,5.143,1401.502,2.562,2.943,29.204,0.032,0.023,1.07,,,,,,,,,37504,3344019,15.139,0.17,36194,0.164,0.018,55.7,,,,,,,,,,41.2,220892331,255.573,23.5,4.495,2.78,5034.708,4,423.031,8.35,2.8,36.7,59.607,0.6,67.27,0.557
310275,694,657.714,6457,6,5.857,1404.644,3.142,2.978,29.231,0.027,0.027,1.06,,,,,,,,,40167,3384186,15.321,0.182,36829,0.167,0.018,56,,,,,,,,,,41.2,220892331,255.573,23.5,4.495,2.78,5034.708,4,423.031,8.35,2.8,36.7,59.607,0.6,67.27,0.557
310841,566,648.143,6466,9,6.571,1407.206,2.562,2.934,29.272,0.041,0.03,1.06,,,,,,,,,36468,3420654,15.486,0.165,37104,0.168,0.017,57.2,,,,,,,,,,41.2,220892331,255.573,23.5,4.495,2.78,5034.708,4,423.031,8.35,2.8,36.7,59.607,0.6,67.27,0.557
311516,675,661.429,6474,8,7.143,1410.262,3.056,2.994,29.308,0.036,0.032,1.05,,,,,,,,,28887,3449541,15.616,0.131,36461,0.165,0.018,55.1,,,,,,,,,,41.2,220892331,255.573,23.5,4.495,2.78,5034.708,4,423.031,8.35,2.8,36.7,59.607,0.6,67.27,0.557
312263,747,692.143,6479,5,6.714,1413.643,3.382,3.133,29.331,0.023,0.03,1.04,,,,,,,,,32665,3482206,15.764,0.148,35962,0.163,0.019,52,,,,,,,,,,41.2,220892331,255.573,23.5,4.495,2.78,5034.708,4,423.031,8.35,2.8,36.7,59.607,0.6,67.27,0.557
312806,543,655.571,6484,5,6.714,1416.102,2.458,2.968,29.354,0.023,0.03,1.04,,,,,,,,,32031,3514237,15.909,0.145,35717,0.162,0.018,54.5,,,,,,,,,,39.35,220892331,255.573,23.5,4.495,2.78,5034.708,4,423.031,8.35,2.8,36.7,59.607,0.6,67.27,0.557
313431,625,630.857,6499,15,7.857,1418.931,2.829,2.856,29.422,0.068,0.036,1.03,,,,,,,,,34239,3548476,16.064,0.155,34566,0.156,0.018,54.8,,,,,,,,,,67.13,220892331,255.573,23.5,4.495,2.78,5034.708,4,423.031,8.35,2.8,36.7,59.607,0.6,67.27,0.557
313984,553,629,6507,8,8,1421.435,2.503,2.848,29.458,0.036,0.036,1.03,,,,,,,,,31697,3580173,16.208,0.143,33736,0.153,0.019,53.6,,,,,,,,,,67.13,220892331,255.573,23.5,4.495,2.78,5034.708,4,423.031,8.35,2.8,36.7,59.607,0.6,67.27,0.557
314616,632,620.143,6513,6,8,1424.296,2.861,2.807,29.485,0.027,0.036,1.02,,,,,,,,,35071,3615244,16.367,0.159,33008,0.149,0.019,53.2,,,,,,,,,,67.13,220892331,255.573,23.5,4.495,2.78,5034.708,4,423.031,8.35,2.8,36.7,59.607,0.6,67.27,0.557
314616,0,539.286,6513,0,6.714,1424.296,0,2.441,29.485,0,0.03,1.02,,,,,,,,,29518,3644762,16.5,0.134,32015,0.145,0.017,59.4,,,,,,,,,,67.13,220892331,255.573,23.5,4.495,2.78,5034.708,4,423.031,8.35,2.8,36.7,59.607,0.6,67.27,0.557
315727,1111,601.571,6523,10,7,1429.325,5.03,2.723,29.53,0.045,0.032,1.04,,,,,,,,,33772,3678534,16.653,0.153,32713,0.148,0.018,54.4,,,,,,,,,,67.13,220892331,255.573,23.5,4.495,2.78,5034.708,4,423.031,8.35,2.8,36.7,59.607,0.6,67.27,0.557
316351,624,584,6535,12,8,1432.15,2.825,2.644,29.585,0.054,0.036,1.04,,,,,,,,,24073,3702607,16.762,0.109,31486,0.143,0.019,53.9,,,,,,,,,,67.13,220892331,255.573,23.5,4.495,2.78,5034.708,4,423.031,8.35,2.8,36.7,59.607,0.6,67.27,0.557
316934,583,589.714,6544,9,8.571,1434.79,2.639,2.67,29.625,0.041,0.039,1.04,,,,,,,,,27614,3730221,16.887,0.125,30855,0.14,0.019,52.3,,,,,,,,,,67.13,220892331,255.573,23.5,4.495,2.78,5034.708,4,423.031,8.35,2.8,36.7,59.607,0.6,67.27,0.557
317595,661,594.857,6552,8,7.571,1437.782,2.992,2.693,29.662,0.036,0.034,1.04,,,,,,,,,31168,3761389,17.028,0.141,30416,0.138,0.02,51.1,,,,,,,,,,67.13,220892331,255.573,23.5,4.495,2.78,5034.708,4,423.031,8.35,2.8,36.7,59.607,0.6,67.27,0.557
318266,671,611.714,6558,6,7.286,1440.82,3.038,2.769,29.689,0.027,0.033,1.04,,,,,,,,,33898,3795287,17.182,0.153,30731,0.139,0.02,50.2,,,,,,,,,,67.13,220892331,255.573,23.5,4.495,2.78,5034.708,4,423.031,8.35,2.8,36.7,59.607,0.6,67.27,0.557
318932,666,616.571,6570,12,8.143,1443.835,3.015,2.791,29.743,0.054,0.037,1.04,,,,,,,,,33665,3828952,17.334,0.152,30530,0.138,0.02,49.5,,,,,,,,,,67.13,220892331,255.573,23.5,4.495,2.78,5034.708,4,423.031,8.35,2.8,36.7,59.607,0.6,67.27,0.557
319317,385,671.571,6580,10,9.571,1445.578,1.743,3.04,29.788,0.045,0.043,1.03,,,,,,,,,28893,3857845,17.465,0.131,30440,0.138,0.022,45.3,,,,,,,,,,67.13,220892331,255.573,23.5,4.495,2.78,5034.708,4,423.031,8.35,2.8,36.7,59.607,0.6,67.27,0.557
319848,531,588.714,6588,8,9.286,1447.981,2.404,2.665,29.824,0.036,0.042,1.04,,,,,,,,,26951,3884796,17.587,0.122,29466,0.133,0.02,50.1,,,,,,,,,,67.13,220892331,255.573,23.5,4.495,2.78,5034.708,4,423.031,8.35,2.8,36.7,59.607,0.6,67.27,0.557
320463,615,587.429,6601,13,9.429,1450.766,2.784,2.659,29.883,0.059,0.043,1.05,,,,,,,,,30022,3914818,17.723,0.136,30316,0.137,0.019,51.6,,,,,,,,,,67.13,220892331,255.573,23.5,4.495,2.78,5034.708,4,423.031,8.35,2.8,36.7,59.607,0.6,67.27,0.557
321218,755,612,6614,13,10,1454.184,3.418,2.771,29.942,0.059,0.045,1.06,,,,,,,,,28916,3943734,17.854,0.131,30502,0.138,0.02,49.8,,,,,,,,,,67.13,220892331,255.573,23.5,4.495,2.78,5034.708,4,423.031,8.35,2.8,36.7,59.607,0.6,67.27,0.557
321877,659,611.714,6621,7,9.857,1457.167,2.983,2.769,29.974,0.032,0.045,1.06,,,,,,,,,31862,3975596,17.998,0.144,30601,0.139,0.02,50,,,,,,,,,,67.13,220892331,255.573,23.5,4.495,2.78,5034.708,4,423.031,8.35,2.8,36.7,59.607,0.6,67.27,0.557
322452,575,598,6638,17,11.429,1459.77,2.603,2.707,30.051,0.077,0.052,1.06,,,,,,,,,33901,4009497,18.151,0.153,30601,0.139,0.02,51.2,,,,,,,,,,53.24,220892331,255.573,23.5,4.495,2.78,5034.708,4,423.031,8.35,2.8,36.7,59.607,0.6,67.27,0.557
323019,567,583.857,6654,16,12,1462.337,2.567,2.643,30.123,0.072,0.054,1.07,,,,,,,,,32465,4041962,18.298,0.147,30430,0.138,0.019,52.1,,,,,,,,,,53.24,220892331,255.573,23.5,4.495,2.78,5034.708,4,423.031,8.35,2.8,36.7,59.607,0.6,67.27,0.557
323452,433,590.714,6659,5,11.286,1464.297,1.96,2.674,30.146,0.023,0.051,1.08,,,,,,,,,32062,4074024,18.443,0.145,30883,0.14,0.019,52.3,,,,,,,,,,53.24,220892331,255.573,23.5,4.495,2.78,5034.708,4,423.031,8.35,2.8,36.7,59.607,0.6,67.27,0.557
324034,582,598,6673,14,12.143,1466.932,2.635,2.707,30.209,0.063,0.055,1.1,,,,,,,,,27091,4101115,18.566,0.123,30903,0.14,0.019,51.7,,,,,,,,,,53.24,220892331,255.573,23.5,4.495,2.78,5034.708,4,423.031,8.35,2.8,36.7,59.607,0.6,67.27,0.557
324744,710,611.571,6692,19,13,1470.146,3.214,2.769,30.295,0.086,0.059,1.11,,,,,,,,,20954,4122069,18.661,0.095,29607,0.134,0.021,48.4,,,,,,,,,,53.24,220892331,255.573,23.5,4.495,2.78,5034.708,4,423.031,8.35,2.8,36.7,59.607,0.6,67.27,0.557
325480,736,608.857,6702,10,12.571,1473.478,3.332,2.756,30.341,0.045,0.057,1.13,,,,,,,,,26670,4148739,18.782,0.121,29286,0.133,0.021,48.1,,,,,,,,,,53.24,220892331,255.573,23.5,4.495,2.78,5034.708,4,423.031,8.35,2.8,36.7,59.607,0.6,67.27,0.557
326216,736,619.857,6715,13,13.429,1476.81,3.332,2.806,30.399,0.059,0.061,1.14,,,,,,,,,28531,4177270,18.911,0.129,28811,0.13,0.022,46.5,,,,,,,,,,53.24,220892331,255.573,23.5,4.495,2.78,5034.708,4,423.031,8.35,2.8,36.7,59.607,0.6,67.27,0.557
327063,847,658.714,6727,12,12.714,1480.644,3.834,2.982,30.454,0.054,0.058,1.16,,,,,,,,,27050,4204320,19.033,0.122,27832,0.126,0.024,42.3,,,,,,,,,,53.24,220892331,255.573,23.5,4.495,2.78,5034.708,4,423.031,8.35,2.8,36.7,59.607,0.6,67.27,0.557
327895,832,696.571,6736,9,11.714,1484.411,3.767,3.153,30.494,0.041,0.053,1.17,,,,,,,,,31009,4235329,19.174,0.14,27624,0.125,0.025,39.7,,,,,,,,,,53.24,220892331,255.573,23.5,4.495,2.78,5034.708,4,423.031,8.35,2.8,36.7,59.607,0.6,67.27,0.557
328602,707,735.714,6739,3,11.429,1487.612,3.201,3.331,30.508,0.014,0.052,1.18,,,,,,,,,28724,4264053,19.304,0.13,27147,0.123,0.027,36.9,,,,,,,,,,53.24,220892331,255.573,23.5,4.495,2.78,5034.708,4,423.031,8.35,2.8,36.7,59.607,0.6,67.27,0.557
329375,773,763,6745,6,10.286,1491.111,3.499,3.454,30.535,0.027,0.047,1.19,,,,,,,,,26492,4290545,19.424,0.12,27061,0.123,0.028,35.5,,,,,,,,,,53.24,220892331,255.573,23.5,4.495,2.78,5034.708,4,423.031,8.35,2.8,36.7,59.607,0.6,67.27,0.557
330200,825,779.429,6759,14,9.571,1494.846,3.735,3.529,30.599,0.063,0.043,1.2,,,,,,,,,27133,4317678,19.547,0.123,27944,0.127,0.028,35.9,,,,,,,,,,53.24,220892331,255.573,23.5,4.495,2.78,5034.708,4,423.031,8.35,2.8,36.7,59.607,0.6,67.27,0.557
331108,908,804,6775,16,10.429,1498.957,4.111,3.64,30.671,0.072,0.047,1.21,,,,,,,,,29477,4347155,19.68,0.133,28345,0.128,0.028,35.3,,,,,,,,,,53.24,220892331,255.573,23.5,4.495,2.78,5034.708,4,423.031,8.35,2.8,36.7,59.607,0.6,67.27,0.557
332186,1078,852.857,6795,20,11.429,1503.837,4.88,3.861,30.762,0.091,0.052,1.22,,,,,,,,,29449,4376604,19.813,0.133,28476,0.129,0.03,33.4,,,,,,,,,,53.24,220892331,255.573,23.5,4.495,2.78,5034.708,4,423.031,8.35,2.8,36.7,59.607,0.6,67.27,0.557
332993,807,847.143,6806,11,11.286,1507.49,3.653,3.835,30.811,0.05,0.051,1.23,,,,,,,,,32933,4409537,19.962,0.149,29317,0.133,0.029,34.6,,,,,,,,,,53.24,220892331,255.573,23.5,4.495,2.78,5034.708,4,423.031,8.35,2.8,36.7,59.607,0.6,67.27,0.557
333970,977,867.857,6823,17,12.429,1511.913,4.423,3.929,30.888,0.077,0.056,1.25,,,,,,,,,21688,4431225,20.061,0.098,27985,0.127,0.031,32.2,,,,,,,,,,53.24,220892331,255.573,23.5,4.495,2.78,5034.708,4,423.031,8.35,2.8,36.7,59.607,0.6,67.27,0.557
335093,1123,927.286,6835,12,13.714,1516.997,5.084,4.198,30.943,0.054,0.062,1.26,,,,,,,,,27665,4458890,20.186,0.125,27834,0.126,0.033,30,,,,,,,,,,53.24,220892331,255.573,23.5,4.495,2.78,5034.708,4,423.031,8.35,2.8,36.7,59.607,0.6,67.27,0.557
336260,1167,983.571,6849,14,14.857,1522.28,5.283,4.453,31.006,0.063,0.067,1.27,,,,,,,,,27953,4486843,20.312,0.127,28043,0.127,0.035,28.5,,,,,,,,,,53.24,220892331,255.573,23.5,4.495,2.78,5034.708,4,423.031,8.35,2.8,36.7,59.607,0.6,67.27,0.557
337573,1313,1053.286,6867,18,15.429,1528.224,5.944,4.768,31.088,0.081,0.07,1.28,,,,,,,,,27984,4514827,20.439,0.127,28164,0.128,0.037,26.7,,,,,,,,,,53.24,220892331,255.573,23.5,4.495,2.78,5034.708,4,423.031,8.35,2.8,36.7,59.607,0.6,67.27,0.557
338875,1302,1109.571,6893,26,16.857,1534.118,5.894,5.023,31.205,0.118,0.076,1.29,,,,,,,,,26565,4541392,20.559,0.12,27748,0.126,0.04,25,,,,,,,,,,53.24,220892331,255.573,23.5,4.495,2.78,5034.708,4,423.031,8.35,2.8,36.7,59.607,0.6,67.27,0.557
340251,1376,1152.143,6923,30,18.286,1540.348,6.229,5.216,31.341,0.136,0.083,1.29,,,,,,,,,32376,4573768,20.706,0.147,28166,0.128,0.041,24.4,,,,,,,,,,53.24,220892331,255.573,23.5,4.495,2.78,5034.708,4,423.031,8.35,2.8,36.7,59.607,0.6,67.27,0.557
341753,1502,1251.429,6943,20,19.571,1547.147,6.8,5.665,31.432,0.091,0.089,1.3,,,,,,,,,35745,4609513,20.868,0.162,28568,0.129,0.044,22.8,,,,,,,,,,53.24,220892331,255.573,23.5,4.495,2.78,5034.708,4,423.031,8.35,2.8,36.7,59.607,0.6,67.27,0.557
343189,1436,1317,6968,25,20.714,1553.648,6.501,5.962,31.545,0.113,0.094,1.3,,,,,,,,,34400,4643913,21.023,0.156,30384,0.138,0.043,23.1,,,,,,,,,,53.24,220892331,255.573,23.5,4.495,2.78,5034.708,4,423.031,8.35,2.8,36.7,59.607,0.6,67.27,0.557
344839,1650,1392.286,6977,9,20.286,1561.118,7.47,6.303,31.586,0.041,0.092,1.3,,,,,,,,,32350,4676263,21.17,0.146,31053,0.141,0.045,22.3,,,,,,,,,,53.24,220892331,255.573,23.5,4.495,2.78,5034.708,4,423.031,8.35,2.8,36.7,59.607,0.6,67.27,0.557
346476,1637,1459.429,7000,23,21.571,1568.529,7.411,6.607,31.69,0.104,0.098,1.3,,,,,,,,,33340,4709603,21.321,0.151,31823,0.144,0.046,21.8,,,,,,,,,,47.69,220892331,255.573,23.5,4.495,2.78,5034.708,4,423.031,8.35,2.8,36.7,59.607,0.6,67.27,0.557
348184,1708,1515.857,7021,21,22,1576.261,7.732,6.862,31.785,0.095,0.1,1.31,,,,,,,,,31904,4741507,21.465,0.144,32383,0.147,0.047,21.4,,,,,,,,,,47.69,220892331,255.573,23.5,4.495,2.78,5034.708,4,423.031,8.35,2.8,36.7,59.607,0.6,67.27,0.557
349992,1808,1588.143,7055,34,23.143,1584.446,8.185,7.19,31.939,0.154,0.105,1.31,,,,,,,,,31989,4773496,21.61,0.145,33158,0.15,0.048,20.9,,,,,,,,,,47.69,220892331,255.573,23.5,4.495,2.78,5034.708,4,423.031,8.35,2.8,36.7,59.607,0.6,67.27,0.557
352296,2304,1720.714,7092,37,24.143,1594.877,10.43,7.79,32.106,0.168,0.109,1.31,,,,,,,,,36686,4810182,21.776,0.166,33773,0.153,0.051,19.6,,,,,,,,,,47.69,220892331,255.573,23.5,4.495,2.78,5034.708,4,423.031,8.35,2.8,36.7,59.607,0.6,67.27,0.557
354461,2165,1815.429,7109,17,23.714,1604.678,9.801,8.219,32.183,0.077,0.107,1.3,,,,,,,,,36923,4847105,21.943,0.167,33942,0.154,0.053,18.7,,,,,,,,,,47.69,220892331,255.573,23.5,4.495,2.78,5034.708,4,423.031,8.35,2.8,36.7,59.607,0.6,67.27,0.557
356904,2443,1959.286,7141,32,24.714,1615.737,11.06,8.87,32.328,0.145,0.112,1.3,,,,,,,,,34535,4881640,22.1,0.156,33961,0.154,0.058,17.3,,,,,,,,,,47.69,220892331,255.573,23.5,4.495,2.78,5034.708,4,423.031,8.35,2.8,36.7,59.607,0.6,67.27,0.557
359032,2128,2027.571,7160,19,26.143,1625.371,9.634,9.179,32.414,0.086,0.118,1.28,,,,,,,,,39410,4921050,22.278,0.178,34970,0.158,0.058,17.2,,,,,,,,,,47.69,220892331,255.573,23.5,4.495,2.78,5034.708,4,423.031,8.35,2.8,36.7,59.607,0.6,67.27,0.557
361082,2050,2086.571,7193,33,27.571,1634.652,9.281,9.446,32.563,0.149,0.125,1.27,,,,,,,,,29511,4950561,22.412,0.134,34423,0.156,0.061,16.5,,,,,,,,,,47.69,220892331,255.573,23.5,4.495,2.78,5034.708,4,423.031,8.35,2.8,36.7,59.607,0.6,67.27,0.557
363380,2298,2170.857,7230,37,29.857,1645.055,10.403,9.828,32.731,0.168,0.135,1.27,,,,,,,,,29378,4979939,22.545,0.133,34062,0.154,0.064,15.7,,,,,,,,,,47.69,220892331,255.573,23.5,4.495,2.78,5034.708,4,423.031,8.35,2.8,36.7,59.607,0.6,67.27,0.557
365927,2547,2276.429,7248,18,27.571,1656.585,11.531,10.306,32.812,0.081,0.125,1.26,,,,,,,,,38544,5018483,22.719,0.174,34998,0.158,0.065,15.4,,,,,,,,,,47.69,220892331,255.573,23.5,4.495,2.78,5034.708,4,423.031,8.35,2.8,36.7,59.607,0.6,67.27,0.557
368665,2738,2338.429,7561,313,67,1668.981,12.395,10.586,34.229,1.417,0.303,1.25,,,,,,,,,36899,5055382,22.886,0.167,35029,0.159,0.067,15,,,,,,,,,,47.69,220892331,255.573,23.5,4.495,2.78,5034.708,4,423.031,8.35,2.8,36.7,59.607,0.6,67.27,0.557
371508,2843,2435.286,7603,42,70.571,1681.851,12.871,11.025,34.419,0.19,0.319,1.24,,,,,,,,,42909,5098291,23.08,0.194,35884,0.162,0.068,14.7,,,,,,,,,,58.8,220892331,255.573,23.5,4.495,2.78,5034.708,4,423.031,8.35,2.8,36.7,59.607,0.6,67.27,0.557
374173,2665,2467,7662,59,74.429,1693.916,12.065,11.168,34.687,0.267,0.337,1.23,,,,,,,,,43112,5141403,23.276,0.195,37109,0.168,0.066,15,,,,,,,,,,58.8,220892331,255.573,23.5,4.495,2.78,5034.708,4,423.031,8.35,2.8,36.7,59.607,0.6,67.27,0.557
376929,2756,2556.714,7696,34,76.571,1706.392,12.477,11.574,34.841,0.154,0.347,1.22,,,,,,,,,38623,5180026,23.45,0.175,36997,0.167,0.069,14.5,,,,,,,,,,58.8,220892331,255.573,23.5,4.495,2.78,5034.708,4,423.031,8.35,2.8,36.7,59.607,0.6,67.27,0.557
379883,2954,2685.857,7744,48,78.714,1719.765,13.373,12.159,35.058,0.217,0.356,1.21,,,,,,,,,36929,5216955,23.618,0.167,38056,0.172,0.071,14.2,,,,,,,,,,58.8,220892331,255.573,23.5,4.495,2.78,5034.708,4,423.031,8.35,2.8,36.7,59.607,0.6,67.27,0.557
382892,3009,2787.429,7803,59,81.857,1733.387,13.622,12.619,35.325,0.267,0.371,1.2,,,,,,,,,39165,5256120,23.795,0.177,39454,0.179,0.071,14.2,,,,,,,,,,58.8,220892331,255.573,23.5,4.495,2.78,5034.708,4,423.031,8.35,2.8,36.7,59.607,0.6,67.27,0.557
386198,3306,2895.857,7843,40,85,1748.354,14.967,13.11,35.506,0.181,0.385,1.18,,,,,,,,,41583,5297703,23.983,0.188,39889,0.181,0.073,13.8,,,,,,,,,,58.8,220892331,255.573,23.5,4.495,2.78,5034.708,4,423.031,8.35,2.8,36.7,59.607,0.6,67.27,0.557
389311,3113,2949.429,7897,54,48,1762.447,14.093,13.352,35.75,0.244,0.217,1.17,,,,,,,,,45999,5343702,24.191,0.208,41189,0.186,0.072,14,,,,,,,,,,64.35,220892331,255.573,23.5,4.495,2.78,5034.708,4,423.031,8.35,2.8,36.7,59.607,0.6,67.27,0.557
392356,3045,2978.286,7942,45,48.429,1776.232,13.785,13.483,35.954,0.204,0.219,1.15,,,,,,,,,43214,5386916,24.387,0.196,41232,0.187,0.072,13.8,,,,,,,,,,64.35,220892331,255.573,23.5,4.495,2.78,5034.708,4,423.031,8.35,2.8,36.7,59.607,0.6,67.27,0.557
395185,2829,3001.714,7985,43,46.143,1789.039,12.807,13.589,36.149,0.195,0.209,1.14,,,,,,,,,48223,5435139,24.605,0.218,41962,0.19,0.072,14,,,,,,,,,,64.35,220892331,255.573,23.5,4.495,2.78,5034.708,4,423.031,8.35,2.8,36.7,59.607,0.6,67.27,0.557
398024,2839,3013.571,8025,40,47,1801.891,12.852,13.643,36.33,0.181,0.213,1.12,,,,,,,,,40369,5475508,24.788,0.183,42212,0.191,0.071,14,,,,,,,,,,64.35,220892331,255.573,23.5,4.495,2.78,5034.708,4,423.031,8.35,2.8,36.7,59.607,0.6,67.27,0.557
400482,2458,2942.714,8091,66,49.571,1813.019,11.128,13.322,36.629,0.299,0.224,1.11,,,,,,,,,33302,5508810,24.939,0.151,41694,0.189,0.071,14.2,,,,,,,,,,64.35,220892331,255.573,23.5,4.495,2.78,5034.708,4,423.031,8.35,2.8,36.7,59.607,0.6,67.27,0.557
403311,2829,2917,8166,75,51.857,1825.826,12.807,13.206,36.968,0.34,0.235,1.11,,,,,,,,,40969,5549779,25.124,0.185,41951,0.19,0.07,14.4,,,,,,,,,,64.35,220892331,255.573,23.5,4.495,2.78,5034.708,4,423.031,8.35,2.8,36.7,59.607,0.6,67.27,0.557
406810,3499,2944.571,8205,39,51.714,1841.666,15.84,13.33,37.145,0.177,0.234,1.1,,,,,,,,,35197,5584976,25.284,0.159,41039,0.186,0.072,13.9,,,,,,,,,,64.35,220892331,255.573,23.5,4.495,2.78,5034.708,4,423.031,8.35,2.8,36.7,59.607,0.6,67.27,0.557
410072,3262,2965.857,8260,55,51.857,1856.434,14.767,13.427,37.394,0.249,0.235,1.09,,,,,,,,,42563,5627539,25.476,0.193,40548,0.184,0.073,13.7,,,,,,,,,,64.35,220892331,255.573,23.5,4.495,2.78,5034.708,4,423.031,8.35,2.8,36.7,59.607,0.6,67.27,0.557
413191,3119,2976.429,8303,43,51.571,1870.554,14.12,13.475,37.588,0.195,0.233,1.08,,,,,,,,,44627,5672166,25.678,0.202,40750,0.184,0.073,13.7,,,,,,,,,,64.35,220892331,255.573,23.5,4.495,2.78,5034.708,4,423.031,8.35,2.8,36.7,59.607,0.6,67.27,0.557
416499,3308,3044.857,8361,58,53.714,1885.529,14.976,13.784,37.851,0.263,0.243,1.07,,,,,,,,,41175,5713341,25.865,0.186,39743,0.18,0.077,13.1,,,,,,,,,,64.35,220892331,255.573,23.5,4.495,2.78,5034.708,4,423.031,8.35,2.8,36.7,59.607,0.6,67.27,0.557
420294,3795,3181.429,8398,37,53.286,1902.71,17.18,14.403,38.019,0.168,0.241,1.06,,,,,,,,,41645,5754986,26.053,0.189,39925,0.181,0.08,12.5,,,,,,,,,,64.35,220892331,255.573,23.5,4.495,2.78,5034.708,4,423.031,8.35,2.8,36.7,59.607,0.6,67.27,0.557
423179,2885,3242.429,8487,89,56.571,1915.77,13.061,14.679,38.421,0.403,0.256,1.04,,,,,,,,,39256,5794242,26.231,0.178,40776,0.185,0.08,12.6,,,,,,,,,,64.35,220892331,255.573,23.5,4.495,2.78,5034.708,4,423.031,8.35,2.8,36.7,59.607,0.6,67.27,0.557
426142,2963,3261.571,8547,60,54.429,1929.184,13.414,14.765,38.693,0.272,0.246,1.03,,,,,,,,,33610,5827852,26.383,0.152,39725,0.18,0.082,12.2,,,,,,,,,,64.35,220892331,255.573,23.5,4.495,2.78,5034.708,4,423.031,8.35,2.8,36.7,59.607,0.6,67.27,0.557
429280,3138,3210,8603,56,56.857,1943.39,14.206,14.532,38.947,0.254,0.257,1.02,,,,,,,,,38092,5865944,26.556,0.172,40138,0.182,0.08,12.5,,,,,,,,,,64.35,220892331,255.573,23.5,4.495,2.78,5034.708,4,423.031,8.35,2.8,36.7,59.607,0.6,67.27,0.557
432327,3047,3179.286,8653,50,56.143,1957.184,13.794,14.393,39.173,0.226,0.254,1.01,,,,,,,,,40202,5906146,26.738,0.182,39801,0.18,0.08,12.5,,,,,,,,,,64.35,220892331,255.573,23.5,4.495,2.78,5034.708,4,423.031,8.35,2.8,36.7,59.607,0.6,67.27,0.557
435056,2729,3123.571,8724,71,60.143,1969.539,12.354,14.141,39.494,0.321,0.272,0.99,,,,,,,,,42596,5948742,26.931,0.193,39511,0.179,0.079,12.6,,,,,,,,,,64.35,220892331,255.573,23.5,4.495,2.78,5034.708,4,423.031,8.35,2.8,36.7,59.607,0.6,67.27,0.557
438425,3369,3132.286,8796,72,62.143,1984.79,15.252,14.18,39.82,0.326,0.281,0.98,,,,,,,,,41426,5990168,27.118,0.188,39547,0.179,0.079,12.6,,,,,,,,,,64.35,220892331,255.573,23.5,4.495,2.78,5034.708,4,423.031,8.35,2.8,36.7,59.607,0.6,67.27,0.557
440787,2362,2927.571,8832,36,62,1995.483,10.693,13.253,39.983,0.163,0.281,0.97,,,,,,,,,42222,6032390,27.309,0.191,39629,0.179,0.074,13.5,,,,,,,,,,64.35,220892331,255.573,23.5,4.495,2.78,5034.708,4,423.031,8.35,2.8,36.7,59.607,0.6,67.27,0.557
443246,2459,2866.714,8905,73,59.714,2006.616,11.132,12.978,40.314,0.33,0.27,0.96,,,,,,,,,31830,6064220,27.453,0.144,38568,0.175,0.074,13.5,,,,,,,,,,64.35,220892331,255.573,23.5,4.495,2.78,5034.708,4,423.031,8.35,2.8,36.7,59.607,0.6,67.27,0.557
445977,2731,2833.571,9010,105,66.143,2018.979,12.363,12.828,40.789,0.475,0.299,0.96,,,,,,,,,,,,,38951,0.176,0.073,13.7,,,,,,,,,,64.35,220892331,255.573,23.5,4.495,2.78,5034.708,4,423.031,8.35,2.8,36.7,59.607,0.6,67.27,0.557
448522,2545,2748.857,9080,70,68.143,2030.501,11.521,12.444,41.106,0.317,0.308,0.95,,,,,,,,,,6136799,27.782,,38694,0.175,0.071,14.1,,,,,,,,,,64.35,220892331,255.573,23.5,4.495,2.78,5034.708,4,423.031,8.35,2.8,36.7,59.607,0.6,67.27,0.557
451494,2972,2738.143,9164,84,73,2043.955,13.455,12.396,41.486,0.38,0.33,0.94,,,,,,,,,40090,6176889,27.963,0.181,38678,0.175,0.071,14.1,,,,,,,,,,64.35,220892331,255.573,23.5,4.495,2.78,5034.708,4,423.031,8.35,2.8,36.7,59.607,0.6,67.27,0.557
454673,3179,2802.429,9250,86,75.143,2058.347,14.392,12.687,41.876,0.389,0.34,0.94,,,,,,,,,39171,6216060,28.141,0.177,38188,0.173,0.073,13.6,,,,,,,,,,64.35,220892331,255.573,23.5,4.495,2.78,5034.708,4,423.031,8.35,2.8,36.7,59.607,0.6,67.27,0.557
457288,2615,2694.714,9330,80,76.286,2070.185,11.838,12.199,42.238,0.362,0.345,0.93,,,,,,,,,48075,6264135,28.358,0.218,39138,0.177,0.069,14.5,,,,,,,,,,64.35,220892331,255.573,23.5,4.495,2.78,5034.708,4,423.031,8.35,2.8,36.7,59.607,0.6,67.27,0.557
458968,1680,2597.286,9392,62,80,2077.791,7.606,11.758,42.518,0.281,0.362,0.92,,,,,,,,,37206,6301341,28.527,0.168,38422,0.174,0.068,14.8,,,,,,,,,,64.35,220892331,255.573,23.5,4.495,2.78,5034.708,4,423.031,8.35,2.8,36.7,59.607,0.6,67.27,0.557
460672,1704,2489.429,9474,82,81.286,2085.505,7.714,11.27,42.89,0.371,0.368,0.91,,,,,,,,,34772,6336113,28.684,0.157,38842,0.176,0.064,15.6,,,,,,,,,,64.35,220892331,255.573,23.5,4.495,2.78,5034.708,4,423.031,8.35,2.8,36.7,59.607,0.6,67.27,0.557
462814,2142,2405.286,9557,83,78.143,2095.202,9.697,10.889,43.265,0.376,0.354,0.91,,,,,,,,,34594,6370707,28.841,0.157,38600,0.175,0.062,16,,,,,,,,,,64.35,220892331,255.573,23.5,4.495,2.78,5034.708,4,423.031,8.35,2.8,36.7,59.607,0.6,67.27,0.557
465070,2256,2364,9668,111,84,2105.415,10.213,10.702,43.768,0.503,0.38,0.91,,,,,,,,,35574,6406281,29.002,0.161,38497,0.174,0.061,16.3,,,,,,,,,,64.35,220892331,255.573,23.5,4.495,2.78,5034.708,4,423.031,8.35,2.8,36.7,59.607,0.6,67.27,0.557
467222,2152,2246.857,9753,85,84.143,2115.157,9.742,10.172,44.153,0.385,0.381,0.92,,,,,,,,,21959,6428240,29.101,0.099,35907,0.163,0.063,16,,,,,,,,,,64.35,220892331,255.573,23.5,4.495,2.78,5034.708,4,423.031,8.35,2.8,36.7,59.607,0.6,67.27,0.557
469482,2260,2115.571,9816,63,80.857,2125.388,10.231,9.577,44.438,0.285,0.366,0.92,,,,,,,,,54649,6482889,29.349,0.247,38118,0.173,0.056,18,,,,,,,,,,64.35,220892331,255.573,23.5,4.495,2.78,5034.708,4,423.031,8.35,2.8,36.7,59.607,0.6,67.27,0.557
471335,1853,2006.714,9874,58,77.714,2133.777,8.389,9.085,44.701,0.263,0.352,0.92,,,,,,,,,40953,6523842,29.534,0.185,37101,0.168,0.054,18.5,,,,,,,,,,64.35,220892331,255.573,23.5,4.495,2.78,5034.708,4,423.031,8.35,2.8,36.7,59.607,0.6,67.27,0.557
473309,1974,2048.714,9929,55,76.714,2142.714,8.936,9.275,44.95,0.249,0.347,0.93,,,,,,,,,33270,6557112,29.685,0.151,36539,0.165,0.056,17.8,,,,,,,,,,64.35,220892331,255.573,23.5,4.495,2.78,5034.708,4,423.031,8.35,2.8,36.7,59.607,0.6,67.27,0.557
475085,1776,2059,9992,63,74,2150.754,8.04,9.321,45.235,0.285,0.335,0.94,,,,,,,,,32205,6589317,29.83,0.146,36172,0.164,0.057,17.6,,,,,,,,,,64.35,220892331,255.573,23.5,4.495,2.78,5034.708,4,423.031,8.35,2.8,36.7,59.607,0.6,67.27,0.557
477240,2155,2060.857,10047,55,70,2160.51,9.756,9.33,45.484,0.249,0.317,0.94,,,,,,,,,30666,6619983,29.969,0.139,35611,0.161,0.058,17.3,,,,,,,,,,64.35,220892331,255.573,23.5,4.495,2.78,5034.708,4,423.031,8.35,2.8,36.7,59.607,0.6,67.27,0.557
479715,2475,2092.143,10105,58,62.429,2171.714,11.205,9.471,45.746,0.263,0.283,0.95,,,,,,,,,36390,6656373,30.134,0.165,35727,0.162,0.059,17.1,,,,,,,,,,64.35,220892331,255.573,23.5,4.495,2.78,5034.708,4,423.031,8.35,2.8,36.7,59.607,0.6,67.27,0.557
482178,2463,2136.571,10176,71,60.429,2182.864,11.15,9.672,46.068,0.321,0.274,0.96,,,,,,,,,39695,6696068,30.314,0.18,38261,0.173,0.056,17.9,,,,,,,,,,64.35,220892331,255.573,23.5,4.495,2.78,5034.708,4,423.031,8.35,2.8,36.7,59.607,0.6,67.27,0.557
484362,2184,2125.714,10258,82,63.143,2192.752,9.887,9.623,46.439,0.371,0.286,0.96,,,,,,,,,41039,6737107,30.5,0.186,36317,0.164,0.059,17.1,,,,,,,,,,64.35,220892331,255.573,23.5,4.495,2.78,5034.708,4,423.031,8.35,2.8,36.7,59.607,0.6,67.27,0.557
486634,2272,2185.571,10311,53,62.429,2203.037,10.286,9.894,46.679,0.24,0.283,0.97,,,,,,,,,38200,6775307,30.672,0.173,35924,0.163,0.061,16.4,,,,,,,,,,64.35,220892331,255.573,23.5,4.495,2.78,5034.708,4,423.031,8.35,2.8,36.7,59.607,0.6,67.27,0.557
488529,1895,2174.286,10350,39,60.143,2211.616,8.579,9.843,46.855,0.177,0.272,0.97,,,,,,,,,44392,6819699,30.873,0.201,37512,0.17,0.058,17.3,,,,,,,,,,64.35,220892331,255.573,23.5,4.495,2.78,5034.708,4,423.031,8.35,2.8,36.7,59.607,0.6,67.27,0.557
490476,1947,2198.714,10409,59,59.571,2220.43,8.814,9.954,47.123,0.267,0.27,0.97,,,,,,,,,30168,6849867,31.01,0.137,37221,0.169,0.059,16.9,,,,,,,,,,64.35,220892331,255.573,23.5,4.495,2.78,5034.708,4,423.031,8.35,2.8,36.7,59.607,0.6,67.27,0.557
492594,2118,2193.429,10461,52,59.143,2230.019,9.588,9.93,47.358,0.235,0.268,0.98,,,,,,,,,35073,6884940,31.169,0.159,37851,0.171,0.058,17.3,,,,,,,,,,64.35,220892331,255.573,23.5,4.495,2.78,5034.708,4,423.031,8.35,2.8,36.7,59.607,0.6,67.27,0.557
495075,2481,2194.286,10511,50,58,2241.25,11.232,9.934,47.584,0.226,0.263,0.98,,,,,,,,,38917,6923857,31.345,0.176,38212,0.173,0.057,17.4,,,,,,,,,,64.35,220892331,255.573,23.5,4.495,2.78,5034.708,4,423.031,8.35,2.8,36.7,59.607,0.6,67.27,0.557
497510,2435,2190.286,10558,47,54.571,2252.274,11.023,9.916,47.797,0.213,0.247,0.99,,,,,,,,,40480,6964337,31.528,0.183,38324,0.173,0.057,17.5,,,,,,,,,,64.35,220892331,255.573,23.5,4.495,2.78,5034.708,4,423.031,8.35,2.8,36.7,59.607,0.6,67.27,0.557
499517,2007,2165,10598,40,48.571,2261.36,9.086,9.801,47.978,0.181,0.22,0.99,,,,,,,,,38369,7002706,31.702,0.174,37943,0.172,0.057,17.5,,,,,,,,,,64.35,220892331,255.573,23.5,4.495,2.78,5034.708,4,423.031,8.35,2.8,36.7,59.607,0.6,67.27,0.557
502416,2899,2254.571,10644,46,47.571,2274.484,13.124,10.207,48.186,0.208,0.215,0.99,,,,,,,,,40898,7043604,31.887,0.185,38328,0.174,0.059,17,,,,,,,,,,64.35,220892331,255.573,23.5,4.495,2.78,5034.708,4,423.031,8.35,2.8,36.7,59.607,0.6,67.27,0.557
504293,1877,2252,10676,32,46.571,2282.981,8.497,10.195,48.331,0.145,0.211,0.99,,,,,,,,,44410,7088014,32.088,0.201,38331,0.174,0.059,17,,,,,,,,,,64.35,220892331,255.573,23.5,4.495,2.78,5034.708,4,423.031,8.35,2.8,36.7,59.607,0.6,67.27,0.557
506701,2408,2317.857,10717,41,44,2293.882,10.901,10.493,48.517,0.186,0.199,0.98,,,,,,,,,34524,7122538,32.244,0.156,38953,0.176,0.06,16.8,,,,,,,,,,64.35,220892331,255.573,23.5,4.495,2.78,5034.708,4,423.031,8.35,2.8,36.7,59.607,0.6,67.27,0.557
508824,2123,2318.571,10772,55,44.429,2303.493,9.611,10.496,48.766,0.249,0.201,0.98,,,,,,,,,40088,7162626,32.426,0.181,39669,0.18,0.058,17.1,,,,,,,,,,64.35,220892331,255.573,23.5,4.495,2.78,5034.708,4,423.031,8.35,2.8,36.7,59.607,0.6,67.27,0.557
511921,3097,2406.571,10818,46,43.857,2317.514,14.02,10.895,48.974,0.208,0.199,0.98,,,,,,,,,39450,7202076,32.604,0.179,39746,0.18,0.061,16.5,,,,,,,,,,64.35,220892331,255.573,23.5,4.495,2.78,5034.708,4,423.031,8.35,2.8,36.7,59.607,0.6,67.27,0.557
514338,2417,2404,10863,45,43.571,2328.456,10.942,10.883,49.178,0.204,0.197,0.97,,,,,,,,,41574,7243650,32.793,0.188,39902,0.181,0.06,16.6,,,,,,,,,,64.35,220892331,255.573,23.5,4.495,2.78,5034.708,4,423.031,8.35,2.8,36.7,59.607,0.6,67.27,0.557
516770,2432,2464.714,10908,45,44.286,2339.466,11.01,11.158,49.382,0.204,0.2,0.96,,,,,,,,,40359,7284009,32.975,0.183,40186,0.182,0.061,16.3,,,,,,,,,,64.35,220892331,255.573,23.5,4.495,2.78,5034.708,4,423.031,8.35,2.8,36.7,59.607,0.6,67.27,0.557
519291,2521,2410.714,10951,43,43.857,2350.878,11.413,10.914,49.576,0.195,0.199,0.95,,,,,,,,,42422,7326431,33.167,0.192,40404,0.183,0.06,16.8,,,,,,,,,,64.35,220892331,255.573,23.5,4.495,2.78,5034.708,4,423.031,8.35,2.8,36.7,59.607,0.6,67.27,0.557
521211,1920,2416.857,10997,46,45.857,2359.57,8.692,10.941,49.784,0.208,0.208,0.94,,,,,,,,,41191,7367622,33.354,0.186,39944,0.181,0.061,16.5,,,,,,,,,,64.35,220892331,255.573,23.5,4.495,2.78,5034.708,4,423.031,8.35,2.8,36.7,59.607,0.6,67.27,0.557
523011,1800,2330,11055,58,48.286,2367.719,8.149,10.548,50.047,0.263,0.219,0.93,,,,,,,,,37949,7405571,33.526,0.172,40433,0.183,0.058,17.4,,,,,,,,,,60.65,220892331,255.573,23.5,4.495,2.78,5034.708,4,423.031,8.35,2.8,36.7,59.607,0.6,67.27,0.557
524783,1772,2279.857,11103,48,47.286,2375.741,8.022,10.321,50.264,0.217,0.214,0.92,,,,,,,,,36513,7442084,33.691,0.165,39923,0.181,0.057,17.5,,,,,,,,,,60.65,220892331,255.573,23.5,4.495,2.78,5034.708,4,423.031,8.35,2.8,36.7,59.607,0.6,67.27,0.557
527146,2363,2175,11157,54,48.429,2386.439,10.698,9.846,50.509,0.244,0.219,0.92,,,,,,,,,39604,7481688,33.87,0.179,39945,0.181,0.054,18.4,,,,,,,,,,57.87,220892331,255.573,23.5,4.495,2.78,5034.708,4,423.031,8.35,2.8,36.7,59.607,0.6,67.27,0.557
528891,1745,2079,11204,47,48.714,2394.338,7.9,9.412,50.722,0.213,0.221,0.91,,,,,,,,,43744,7525432,34.068,0.198,40255,0.182,0.052,19.4,,,,,,,,,,57.87,220892331,255.573,23.5,4.495,2.78,5034.708,4,423.031,8.35,2.8,36.7,59.607,0.6,67.27,0.557
530818,1927,2006.857,11247,43,48.429,2403.062,8.724,9.085,50.916,0.195,0.219,0.9,,,,,,,,,36545,7561977,34.234,0.165,39710,0.18,0.051,19.8,,,,,,,,,,57.87,220892331,255.573,23.5,4.495,2.78,5034.708,4,423.031,8.35,2.8,36.7,59.607,0.6,67.27,0.557
532412,1594,1874.429,11295,48,49.143,2410.278,7.216,8.486,51.134,0.217,0.222,0.9,,,,,,,,,40403,7602380,34.417,0.183,39421,0.178,0.048,21,,,,,,,,,,57.87,220892331,255.573,23.5,4.495,2.78,5034.708,4,423.031,8.35,2.8,36.7,59.607,0.6,67.27,0.557
534041,1629,1832.857,11318,23,45.857,2417.653,7.375,8.298,51.238,0.104,0.208,0.9,,,,,,,,,40285,7642665,34.599,0.182,39292,0.178,0.047,21.4,,,,,,,,,,57.87,220892331,255.573,23.5,4.495,2.78,5034.708,4,423.031,8.35,2.8,36.7,59.607,0.6,67.27,0.557
535914,1873,1843.286,11376,58,45.857,2426.132,8.479,8.345,51.5,0.263,0.208,0.89,,,,,,,,,37577,7680242,34.769,0.17,39239,0.178,0.047,21.3,,,,,,,,,,57.87,220892331,255.573,23.5,4.495,2.78,5034.708,4,423.031,8.35,2.8,36.7,59.607,0.6,67.27,0.557
537477,1563,1813.429,11450,74,49.571,2433.208,7.076,8.21,51.835,0.335,0.224,0.89,,,,,,,,,42587,7722829,34.962,0.193,40106,0.182,0.045,22.1,,,,,,,,,,57.87,220892331,255.573,23.5,4.495,2.78,5034.708,4,423.031,8.35,2.8,36.7,59.607,0.6,67.27,0.557
539387,1910,1748.714,11514,64,51,2441.855,8.647,7.917,52.125,0.29,0.231,0.89,,,,,,,,,41285,7764114,35.149,0.187,40347,0.183,0.043,23.1,,,,,,,,,,57.87,220892331,255.573,23.5,4.495,2.78,5034.708,4,423.031,8.35,2.8,36.7,59.607,0.6,67.27,0.557
541031,1644,1734.286,11560,46,50.857,2449.297,7.443,7.851,52.333,0.208,0.23,0.89,,,,,,,,,40821,7804935,35.334,0.185,39929,0.181,0.043,23,,,,,,,,,,57.87,220892331,255.573,23.5,4.495,2.78,5034.708,4,423.031,8.35,2.8,36.7,59.607,0.6,67.27,0.557
543214,2183,1770.857,11623,63,53.714,2459.18,9.883,8.017,52.618,0.285,0.243,0.89,,,,,,,,,43381,7848316,35.53,0.196,40906,0.185,0.043,23.1,,,,,,,,,,57.87,220892331,255.573,23.5,4.495,2.78,5034.708,4,423.031,8.35,2.8,36.7,59.607,0.6,67.27,0.557
544813,1599,1771.571,11657,34,51.714,2466.419,7.239,8.02,52.772,0.154,0.234,0.88,,,,,,,,,41425,7889741,35.718,0.188,41052,0.186,0.043,23.2,,,,,,,,,,57.87,220892331,255.573,23.5,4.495,2.78,5034.708,4,423.031,8.35,2.8,36.7,59.607,0.6,67.27,0.557
546428,1615,1769.571,11683,26,52.143,2473.73,7.311,8.011,52.89,0.118,0.236,0.88,,,,,,,,,42455,7932196,35.91,0.192,41362,0.187,0.043,23.4,,,,,,,,,,57.87,220892331,255.573,23.5,4.495,2.78,5034.708,4,423.031,8.35,2.8,36.7,59.607,0.6,67.27,0.557
547648,1220,1676.286,11746,63,52.857,2479.253,5.523,7.589,53.175,0.285,0.239,0.87,,,,,,,,,34785,7966981,36.067,0.157,40963,0.185,0.041,24.4,,,,,,,,,,50.46,220892331,255.573,23.5,4.495,2.78,5034.708,4,423.031,8.35,2.8,36.7,59.607,0.6,67.27,0.557
549032,1384,1650.714,11802,56,50.286,2485.519,6.265,7.473,53.429,0.254,0.228,0.87,,,,,,,,,38813,8005794,36.243,0.176,40424,0.183,0.041,24.5,0,0,,,,0,0,,,50.46,220892331,255.573,23.5,4.495,2.78,5034.708,4,423.031,8.35,2.8,36.7,59.607,0.6,67.27,0.557
550540,1508,1593.286,11833,31,45.571,2492.345,6.827,7.213,53.569,0.14,0.206,0.87,,,,,,,,,35460,8041254,36.404,0.161,39591,0.179,0.04,24.8,,,,,3404,,,,15,50.46,220892331,255.573,23.5,4.495,2.78,5034.708,4,423.031,8.35,2.8,36.7,59.607,0.6,67.27,0.557
551842,1302,1544.429,11886,53,46.571,2498.24,5.894,6.992,53.809,0.24,0.211,0.87,,,,,,,,,44173,8085427,36.603,0.2,40070,0.181,0.039,25.9,,,,,3404,,,,15,50.46,220892331,255.573,23.5,4.495,2.78,5034.708,4,423.031,8.35,2.8,36.7,59.607,0.6,67.27,0.557
553128,1286,1416.286,11914,28,41.571,2504.062,5.822,6.412,53.936,0.127,0.188,0.87,,,,,,,,,37020,8122447,36.771,0.168,39162,0.177,0.036,27.7,,,,,3404,,,,15,50.46,220892331,255.573,23.5,4.495,2.78,5034.708,4,423.031,8.35,2.8,36.7,59.607,0.6,67.27,0.557
554474,1346,1380.143,11967,53,44.286,2510.155,6.093,6.248,54.176,0.24,0.2,0.87,,,,,,,,,,,,,38121,0.173,0.036,27.6,,,,,3404,,,,15,50.46,220892331,255.573,23.5,4.495,2.78,5034.708,4,423.031,8.35,2.8,36.7,59.607,0.6,67.27,0.557
555511,1037,1297.571,12026,59,49,2514.85,4.695,5.874,54.443,0.267,0.222,0.87,,,,,,,,,,,,,36933,0.167,0.035,28.5,,,,,3404,,,,15,50.46,220892331,255.573,23.5,4.495,2.78,5034.708,4,423.031,8.35,2.8,36.7,59.607,0.6,67.27,0.557
556519,1008,1267.286,12066,40,45.714,2519.413,4.563,5.737,54.624,0.181,0.207,0.88,,,,,,,,,,8224869,37.235,,36841,0.167,0.034,29.1,,,,,3404,,,,15,50.46,220892331,255.573,23.5,4.495,2.78,5034.708,4,423.031,8.35,2.8,36.7,59.607,0.6,67.27,0.557
557591,1072,1222.714,12128,62,46.571,2524.266,4.853,5.535,54.905,0.281,0.211,0.89,,,,,,,,,,,,,36090,0.163,0.034,29.5,,,,,3404,,,,15,50.46,220892331,255.573,23.5,4.495,2.78,5034.708,4,423.031,8.35,2.8,36.7,59.607,0.6,67.27,0.557
559093,1502,1221.857,12185,57,50.286,2531.066,6.8,5.531,55.163,0.258,0.228,0.9,,,,,,,,,,,,,35819,0.162,0.034,29.3,27228,27228,,,3404,0.01,0.01,,15,50.46,220892331,255.573,23.5,4.495,2.78,5034.708,4,423.031,8.35,2.8,36.7,59.607,0.6,67.27,0.557
560363,1270,1217.286,12218,33,47.429,2536.815,5.749,5.511,55.312,0.149,0.215,0.91,,,,,,,,,,8325543,37.691,,34302,0.155,0.035,28.2,,,,,3439,,,,16,50.46,220892331,255.573,23.5,4.495,2.78,5034.708,4,423.031,8.35,2.8,36.7,59.607,0.6,67.27,0.557
561625,1262,1213.857,12276,58,51.714,2542.528,5.713,5.495,55.575,0.263,0.234,0.92,,,,,,,,,35280,8360823,37.85,0.16,34054,0.154,0.036,28.1,,,,,3474,,,,16,50.46,220892331,255.573,23.5,4.495,2.78,5034.708,4,423.031,8.35,2.8,36.7,59.607,0.6,67.27,0.557
563029,1404,1222.143,12307,31,48.571,2548.884,6.356,5.533,55.715,0.14,0.22,0.92,,,,,,,,,,,,,34410,0.156,0.036,28.2,,,,,3509,,,,16,50.46,220892331,255.573,23.5,4.495,2.78,5034.708,4,423.031,8.35,2.8,36.7,59.607,0.6,67.27,0.557
564077,1048,1223.714,12333,26,43.857,2553.629,4.744,5.54,55.833,0.118,0.199,0.93,,,,,,,,,,8434098,38.182,,34767,0.157,0.035,28.4,,,,,3544,,,,16,50.46,220892331,255.573,23.5,4.495,2.78,5034.708,4,423.031,8.35,2.8,36.7,59.607,0.6,67.27,0.557
564077,0,1079.714,12333,0,38.143,2553.629,0,4.888,55.833,0,0.173,0.94,,,,,,,,,32019,8466117,38.327,0.145,34464,0.156,0.031,31.9,,,,,3579,,,,16,50.46,220892331,255.573,23.5,4.495,2.78,5034.708,4,423.031,8.35,2.8,36.7,59.607,0.6,67.27,0.557
565989,1912,1199.714,12436,103,44,2562.285,8.656,5.431,56.299,0.466,0.199,0.96,,,,,,,,,31905,8498022,38.471,0.144,34228,0.155,0.035,28.5,,,,,3614,,,,16,50.46,220892331,255.573,23.5,4.495,2.78,5034.708,4,423.031,8.35,2.8,36.7,59.607,0.6,67.27,0.557
567261,1272,1166.857,12488,52,43.286,2568.043,5.758,5.282,56.534,0.235,0.196,0.98,,,,,,,,,33196,8531218,38.622,0.15,34176,0.155,0.034,29.3,52768,52768,,,3649,0.02,0.02,,17,50.46,220892331,255.573,23.5,4.495,2.78,5034.708,4,423.031,8.35,2.8,36.7,59.607,0.6,67.27,0.557
568506,1245,1163.286,12527,39,44.143,2573.679,5.636,5.266,56.711,0.177,0.2,0.99,,,,,,,,,36543,8567761,38.787,0.165,34603,0.157,0.034,29.7,,,,,3846,,,,17,50.46,220892331,255.573,23.5,4.495,2.78,5034.708,4,423.031,8.35,2.8,36.7,59.607,0.6,67.27,0.557
569846,1340,1174.429,12563,36,41,2579.746,6.066,5.317,56.874,0.163,0.186,0.99,,,,,,,,,34754,8602515,38.944,0.157,34527,0.156,0.034,29.4,,,,,4043,,,,18,50.46,220892331,255.573,23.5,4.495,2.78,5034.708,4,423.031,8.35,2.8,36.7,59.607,0.6,67.27,0.557
571174,1328,1163.571,12601,38,42,2585.757,6.012,5.268,57.046,0.172,0.19,1,,,,,,,,,42332,8644847,39.136,0.192,35341,0.16,0.033,30.4,,,,,4240,,,,19,50.46,220892331,255.573,23.5,4.495,2.78,5034.708,4,423.031,8.35,2.8,36.7,59.607,0.6,67.27,0.557
572334,1160,1179.571,12617,16,40.571,2591.009,5.251,5.34,57.118,0.072,0.184,1.01,,,,,,,,,41395,8686242,39.323,0.187,36021,0.163,0.033,30.5,72882,72882,,,4437,0.03,0.03,,20,50.46,220892331,255.573,23.5,4.495,2.78,5034.708,4,423.031,8.35,2.8,36.7,59.607,0.6,67.27,0.557
573384,1050,1329.571,12658,41,46.429,2595.762,4.753,6.019,57.304,0.186,0.21,1.02,,,,,,,,,32313,8718555,39.47,0.146,36063,0.163,0.037,27.1,,,,,5801,,,,26,50.46,220892331,255.573,23.5,4.495,2.78,5034.708,4,423.031,8.35,2.8,36.7,59.607,0.6,67.27,0.557
574580,1196,1227.286,12708,50,38.857,2601.177,5.414,5.556,57.53,0.226,0.176,1.03,,,,,,,,,33978,8752533,39.624,0.154,36359,0.165,0.034,29.6,,,,,7165,,,,32,50.46,220892331,255.573,23.5,4.495,2.78,5034.708,4,423.031,8.35,2.8,36.7,59.607,0.6,67.27,0.557
575941,1361,1240,12772,64,40.571,2607.338,6.161,5.614,57.82,0.29,0.184,1.05,,,,,,,,,38453,8790986,39.798,0.174,37110,0.168,0.033,29.9,,,,,8529,,,,39,50.46,220892331,255.573,23.5,4.495,2.78,5034.708,4,423.031,8.35,2.8,36.7,59.607,0.6,67.27,0.557
577482,1541,1282.286,12804,32,39.571,2614.314,6.976,5.805,57.965,0.145,0.179,1.06,,,,,,,,,40906,8831892,39.983,0.185,37733,0.171,0.034,29.4,,,,,9696,,,,44,50.46,220892331,255.573,23.5,4.495,2.78,5034.708,4,423.031,8.35,2.8,36.7,59.607,0.6,67.27,0.557
578797,1315,1278.714,12837,33,39.143,2620.268,5.953,5.789,58.114,0.149,0.177,1.07,,,,,,,,,41849,8873741,40.172,0.189,38747,0.175,0.033,30.3,,,,,10862,,,,49,50.46,220892331,255.573,23.5,4.495,2.78,5034.708,4,423.031,8.35,2.8,36.7,59.607,0.6,67.27,0.557
579973,1176,1257,12860,23,37,2625.591,5.324,5.691,58.218,0.104,0.168,1.08,,,,,,,,,39177,8912918,40.35,0.177,38296,0.173,0.033,30.5,,,,,12029,,,,54,50.46,220892331,255.573,23.5,4.495,2.78,5034.708,4,423.031,8.35,2.8,36.7,59.607,0.6,67.27,0.557
581365,1392,1290.143,12896,36,39.857,2631.893,6.302,5.841,58.381,0.163,0.18,1.09,,,,,,,,,38920,8951838,40.526,0.176,37942,0.172,0.034,29.4,,,,,13196,,,,60,50.46,220892331,255.573,23.5,4.495,2.78,5034.708,4,423.031,8.35,2.8,36.7,59.607,0.6,67.27,0.557
582528,1163,1306.286,12938,42,40,2637.158,5.265,5.914,58.572,0.19,0.181,1.1,,,,,,,,,38338,8990176,40.699,0.174,38803,0.176,0.034,29.7,,,,,13196,,,,60,50.46,220892331,255.573,23.5,4.495,2.78,5034.708,4,423.031,8.35,2.8,36.7,59.607,0.6,67.27,0.557
583916,1388,1333.714,13013,75,43.571,2643.442,6.284,6.038,58.911,0.34,0.197,1.12,,,,,,,,,31948,9022124,40.844,0.145,38513,0.174,0.035,28.9,,,,,13196,,,,60,50.46,220892331,255.573,23.5,4.495,2.78,5034.708,4,423.031,8.35,2.8,36.7,59.607,0.6,67.27,0.557
585435,1519,1356.286,13076,63,43.429,2650.318,6.877,6.14,59.196,0.285,0.197,1.14,,,,,,,,,32945,9055069,40.993,0.149,37726,0.171,0.036,27.8,,,,,13196,,,,60,50.46,220892331,255.573,23.5,4.495,2.78,5034.708,4,423.031,8.35,2.8,36.7,59.607,0.6,67.27,0.557
587014,1579,1361.714,13128,52,46.286,2657.467,7.148,6.165,59.432,0.235,0.21,1.15,,,,,,,,,42344,9097413,41.185,0.192,37932,0.172,0.036,27.9,,,,,13196,,,,60,50.46,220892331,255.573,23.5,4.495,2.78,5034.708,4,423.031,8.35,2.8,36.7,59.607,0.6,67.27,0.557
588728,1714,1418.714,13166,38,47,2665.226,7.759,6.423,59.604,0.172,0.213,1.17,,,,,,,,,37980,9135393,41.357,0.172,37379,0.169,0.038,26.3,,,,,13196,,,,60,50.46,220892331,255.573,23.5,4.495,2.78,5034.708,4,423.031,8.35,2.8,36.7,59.607,0.6,67.27,0.557
590508,1780,1505,13205,39,49.286,2673.284,8.058,6.813,59.78,0.177,0.223,1.18,,,,,,,,,38200,9173593,41.53,0.173,37239,0.169,0.04,24.7,,,,,13196,,,,60,50.46,220892331,255.573,23.5,4.495,2.78,5034.708,4,423.031,8.35,2.8,36.7,59.607,0.6,67.27,0.557
592100,1592,1533.571,13227,22,47.286,2680.491,7.207,6.943,59.88,0.1,0.214,1.19,,,,,,,,,38887,9212480,41.706,0.176,37235,0.169,0.041,24.3,,,,,13196,,,,60,50.46,220892331,255.573,23.5,4.495,2.78,5034.708,4,423.031,8.35,2.8,36.7,59.607,0.6,67.27,0.557
593453,1353,1560.714,13281,54,49,2686.617,6.125,7.065,60.124,0.244,0.222,1.21,,,,,,,,,34347,9246827,41.861,0.155,36664,0.166,0.043,23.5,,,,,13196,,,,60,50.46,220892331,255.573,23.5,4.495,2.78,5034.708,4,423.031,8.35,2.8,36.7,59.607,0.6,67.27,0.557
595239,1786,1617.571,13324,43,44.429,2694.702,8.085,7.323,60.319,0.195,0.201,1.23,,,,,,,,,,,,,37665,0.171,0.043,23.3,,,,,13196,,,,60,50.46,220892331,255.573,23.5,4.495,2.78,5034.708,4,423.031,8.35,2.8,36.7,59.607,0.6,67.27,0.557
597497,2258,1723.143,13377,53,43,2704.924,10.222,7.801,60.559,0.24,0.195,1.24,,,,,,,,,,,,,38523,0.174,0.045,22.4,,,,,13196,,,,60,50.46,220892331,255.573,23.5,4.495,2.78,5034.708,4,423.031,8.35,2.8,36.7,59.607,0.6,67.27,0.557
600198,2701,1883.429,13430,53,43.143,2717.152,12.228,8.526,60.799,0.24,0.195,1.26,,,,,,,,,,,,,38039,0.172,0.05,20.2,,,,,13196,,,,60,50.46,220892331,255.573,23.5,4.495,2.78,5034.708,4,423.031,8.35,2.8,36.7,59.607,0.6,67.27,0.557
602536,2338,1972.571,13476,46,44.286,2727.736,10.584,8.93,61.007,0.208,0.2,1.27,,,,,,,,,,9402639,42.567,,38178,0.173,0.052,19.4,,,,,13196,,,,60,50.46,220892331,255.573,23.5,4.495,2.78,5034.708,4,423.031,8.35,2.8,36.7,59.607,0.6,67.27,0.557
605200,2664,2098.857,13508,32,43.286,2739.796,12.06,9.502,61.152,0.145,0.196,1.27,,,,,,,,,,,,,38774,0.176,0.054,18.5,,,,,13196,,,,60,50.46,220892331,255.573,23.5,4.495,2.78,5034.708,4,423.031,8.35,2.8,36.7,59.607,0.6,67.27,0.557
607453,2253,2193.286,13537,29,44.286,2749.996,10.2,9.929,61.283,0.131,0.2,1.28,,,,,,,,,,,,,39273,0.178,0.056,17.9,350000,,,,13196,0.16,,,60,50.46,220892331,255.573,23.5,4.495,2.78,5034.708,4,423.031,8.35,2.8,36.7,59.607,0.6,67.27,0.557
609964,2511,2358.714,13595,58,44.857,2761.363,11.368,10.678,61.546,0.263,0.203,1.28,,,,,,,,,,9529763,43.142,,40419,0.183,0.058,17.1,,,,,,,,,,50.46,220892331,255.573,23.5,4.495,2.78,5034.708,4,423.031,8.35,2.8,36.7,59.607,0.6,67.27,0.557
612315,2351,2439.429,13656,61,47.429,2772.007,10.643,11.044,61.822,0.276,0.215,1.29,,,,,,,,,,,,,40616,0.184,0.06,16.6,,,,,,,,,,50.46,220892331,255.573,23.5,4.495,2.78,5034.708,4,423.031,8.35,2.8,36.7,59.607,0.6,67.27,0.557
615810,3495,2616.143,13717,61,48.571,2787.829,15.822,11.844,62.098,0.276,0.22,1.3,,,,,,,,,,,,,40813,0.185,0.064,15.6,,,,,,,,,,50.46,220892331,255.573,23.5,4.495,2.78,5034.708,4,423.031,8.35,2.8,36.7,59.607,0.6,67.27,0.557
619259,3449,2723,13757,40,46.714,2803.443,15.614,12.327,62.279,0.181,0.211,1.3,,,,,,,,,,,,,41010,0.186,0.066,15.1,,,,,,,,,,50.46,220892331,255.573,23.5,4.495,2.78,5034.708,4,423.031,8.35,2.8,36.7,59.607,0.6,67.27,0.557
623135,3876,2942.714,13799,42,46.143,2820.99,17.547,13.322,62.469,0.19,0.209,1.3,,,,,,,,,,9691087,43.872,,41207,0.187,0.071,14,,,,,,,,,,50.46,220892331,255.573,23.5,4.495,2.78,5034.708,4,423.031,8.35,2.8,36.7,59.607,0.6,67.27,0.557
626802,3667,3086,13843,44,47.857,2837.591,16.601,13.971,62.669,0.199,0.217,1.3,,,,,,,,,,,,,41173,0.186,0.075,13.3,,,,,,,,,,50.46,220892331,255.573,23.5,4.495,2.78,5034.708,4,423.031,8.35,2.8,36.7,59.607,0.6,67.27,0.557
630471,3669,3288.286,13863,20,46.571,2854.2,16.61,14.886,62.759,0.091,0.211,1.29,,,,,,,,,,,,,41138,0.186,0.08,12.5,,,,,,,,,,50.46,220892331,255.573,23.5,4.495,2.78,5034.708,4,423.031,8.35,2.8,36.7,59.607,0.6,67.27,0.557
633741,3270,3396.714,13935,72,48.571,2869.004,14.804,15.377,63.085,0.326,0.22,1.28,,,,,,,,,,9817491,44.445,,41104,0.186,,,,,,,,,,,,50.46,220892331,255.573,23.5,4.495,2.78,5034.708,4,423.031,8.35,2.8,36.7,59.607,0.6,67.27,0.557
637042,3301,3532.429,13965,30,44.143,2883.948,14.944,15.992,63.221,0.136,0.2,1.28,,,,,,,,,,,,,,,,,,,,,,,,,,,220892331,255.573,23.5,4.495,2.78,5034.708,4,423.031,8.35,2.8,36.7,59.607,0.6,67.27,0.557
640988,3946,3596.857,14028,63,44.429,2901.812,17.864,16.283,63.506,0.285,0.201,,,,,,,,,,,,,,,,,,,,,,,,,,,,220892331,255.573,23.5,4.495,2.78,5034.708,4,423.031,8.35,2.8,36.7,59.607,0.6,67.27,0.557
